喜欢,希望,3165
生活,希望,2617
生活,喜欢,2329
另一半,希望,2290
旅游,喜欢,2001
善良,希望,1944
工作,希望,1805
非诚,勿扰,1804
爱,希望,1634
爱,喜欢,1560
工作,喜欢,1543
善良,喜欢,1492
性格,希望,1469
共度,余生,1461
余生,希望,1448
性格,喜欢,1444
工作,生活,1358
真诚,希望,1324
运动,喜欢,1262
爱,生活,1167
另一半,喜欢,1063
真诚,善良,1062
简单,生活,1059
真心,希望,1046
责任心,希望,981
未来,希望,981
感情,希望,963
平时,喜欢,943
善良,生活,943
旅游,希望,941
平台,希望,940
稳定,工作,929
温柔,善良,922
勿扰,希望,909
生活,喜欢,902
简单,喜欢,893
性格开朗,喜欢,854
成熟,稳重,848
信息,会员,847
温柔,希望,847
音乐,喜欢,845
抽烟,喝酒,839
简单,希望,837
真诚,喜欢,814
包容,希望,810
善良,爱,795
性格,工作,794
性格,生活,790
另一半,生活,781
共度,希望,779
不离,不弃,749
性格开朗,希望,742
家庭,希望,741
性格,善良,733
另一半,喜欢,729
爱好,喜欢,728
人生,希望,727
旅游,喜欢,721
幸福,希望,706
感情,喜欢,705
看书,喜欢,705
责任心,喜欢,698
余生,喜欢,686
旅游,生活,662
余生,生活,661
唱歌,喜欢,659
温柔,喜欢,659
结婚,希望,656
专一,感情,655
余生,善良,649
工作,善良,647
干净,爱,646
开朗,希望,644
孩子,希望,644
运动,希望,642
开朗,喜欢,630
担当,希望,628
三观,希望,623
幸福,生活,621
真心,喜欢,620
离异,希望,618
工作,喜欢,希望,617
相互,希望,614
婚姻,希望,612
一生,希望,610
责任心,善良,608
稳重,希望,607
成熟,希望,604
真诚,生活,596
余生,爱,595
年龄,希望,591
未来,生活,588
干净,喜欢,586
爱好,希望,581
喝酒,喜欢,581
善良,喜欢,希望,580
非诚,希望,579
携手,希望,572
共度,余生,希望,571
抽烟,喜欢,570
性格,喜欢,希望,570
稳定,希望,570
平时,希望,566
人生,生活,562
非诚,勿扰,希望,561
伴侣,希望,558
电影,喜欢,553
时间,希望,552
懂,希望,552
收入,稳定,551
爱情,希望,551
另一半,善良,545
感情,生活,543
运动,旅游,543
另一半,生活,希望,542
勿扰,喜欢,541
运动,爱,540
工作,爱,538
工作,生活,希望,536
阳光,希望,534
美食,喜欢,533
温和,性格,529
性格,另一半,528
过日子,希望,525
另一半,工作,524
旅游,爱,523
朋友,喜欢,519
过日子,真心,519
未来,喜欢,517
家庭,生活,515
爱,喜欢,希望,512
安静,喜欢,509
朋友,希望,504
性格,爱,503
工作,生活,喜欢,503
理解,包容,498
家庭,喜欢,497
合适,希望,495
旅游,生活,喜欢,491
年龄,喜欢,490
担当,责任心,487
旅游,善良,485
孩子,生活,484
正,三观,483
爱好,旅游,483
孩子,喜欢,482
包容,喜欢,480
真心,另一半,479
做饭,喜欢,479
体重,身高,479
婚姻,生活,477
时间,喜欢,475
旅游,工作,475
相互,包容,472
有缘,希望,470
开朗,性格,469
乐观,希望,468
勿扰,真诚,465
懂,爱,462
阳光,喜欢,460
旅游,性格,460
真诚,善良,希望,457
稳重,喜欢,457
真心,生活,454
成熟,喜欢,452
运动,喜欢,希望,451
珍惜,希望,450
家庭,工作,449
父母,希望,448
运动,生活,448
健身,喜欢,447
快乐,生活,447
家,希望,445
旅行,喜欢,445
真诚,工作,445
平时,工作,442
责任,担当,442
温柔,性格,437
真诚,爱,437
回复,会员,434
热爱生活,喜欢,434
喝酒,希望,434
感情,爱,433
父母,工作,432
抽烟,希望,432
稳定,喜欢,429
善良,生活,希望,428
勿扰,工作,427
感情,善良,427
相伴,希望,427
担当,喜欢,426
真心,爱,425
干净,希望,424
退休,喜欢,423
有缘人,希望,422
简单,生活,喜欢,421
寻找,希望,418
三观,喜欢,417
运动,旅游,喜欢,417
顾家,希望,416
责任心,生活,413
担当,善良,413
身高,希望,412
爱情,生活,412
幸福,爱,411
离异,工作,410
独立,希望,409
相互,喜欢,409
简单,善良,409
勿扰,生活,408
爱,生活,希望,408
女儿,希望,405
身高,工作,404
快乐,希望,403
爱好,生活,403
失败,婚姻,401
音乐,旅游,400
结婚,喜欢,400
乐观,喜欢,400
另一半,爱,399
包容,生活,399
携手,余生,399
理解,希望,399
退休,希望,398
孩子,工作,398
努力,希望,396
经历,希望,395
热爱生活,希望,394
相互,生活,394
努力,生活,392
爱,生活,喜欢,392
平时,喜欢,希望,391
孝顺,希望,390
勿扰,善良,390
勿扰,真心,390
陪伴,希望,388
成熟,稳重,希望,387
人生,喜欢,387
抽烟,喝酒,喜欢,386
善良,生活,喜欢,384
温柔,善良,希望,384
简单,生活,希望,383
包容,爱,382
真诚,另一半,382
独立,喜欢,381
运动,工作,380
稳定,工作,希望,379
专一,希望,376
离异,喜欢,376
年龄,工作,376
责任心,另一半,375
美好,生活,375
父母,喜欢,375
温柔,生活,375
未来,另一半,374
懂,喜欢,373
真诚,余生,373
时间,工作,372
收入,工作,372
退休,工作,371
美好,希望,371
简单,工作,371
幸福,喜欢,370
退休,生活,370
真诚,性格,369
包容,善良,369
结婚,勿扰,368
勿扰,余生,368
懂,生活,368
运动,善良,368
身高,喜欢,367
孝顺,善良,367
共度,善良,366
旅游,善良,喜欢,365
爱情,爱,365
真心,余生,364
时间,生活,363
爱好,工作,363
期待,希望,363
会员,希望,362
善解人意,希望,361
真诚,喜欢,希望,361
爱心,希望,359
结婚,工作,359
不良嗜好,希望,358
真心,善良,357
阳光,生活,357
旅游,性格,喜欢,356
人生,爱,356
另一半,生活,喜欢,355
未来,生活,希望,355
性格,另一半,希望,354
责任心,性格,354
旅游,工作,喜欢,354
感情,性格,354
离异,勿扰,353
离异,孩子,353
性格开朗,善良,351
正直,善良,350
不良嗜好,喜欢,349
性格,生活,喜欢,349
共度,喜欢,349
音乐,希望,348
责任心,工作,348
经历,生活,348
平时,生活,348
另一半,工作,希望,348
离异,生活,347
人品,希望,346
另一半,善良,希望,345
另一半,余生,345
未来,喜欢,希望,345
简单,爱,345
乐观,开朗,344
往后,余生,344
消息,会员,344
相互理解,包容,342
心,希望,341
有车,有房,341
收入,希望,340
性格,生活,希望,338
性格,工作,喜欢,338
珍惜,生活,337
寻找,另一半,337
独立,生活,337
幽默,喜欢,336
看书,希望,336
稳定,生活,335
温暖,希望,335
旅游,爱,喜欢,335
开朗,善良,334
相处,希望,333
人心,白首,333
缘分,希望,333
期待,生活,332
随和,性格,331
开朗,生活,331
婚姻,喜欢,331
性格,余生,329
温柔,爱,329
懂得,希望,328
爱好,性格,328
音乐,旅游,喜欢,326
性格,工作,希望,326
简单,真诚,325
爱情,喜欢,325
女儿,工作,324
一生,爱,323
内心,希望,322
父母,生活,322
有趣,灵魂,322
性格开朗,生活,321
性格开朗,爱,321
朋友,生活,321
幽默,希望,321
正,希望,321
平台,喜欢,321
平淡,生活,321
感情,工作,321
陪,希望,320
伴侣,生活,319
简单,喜欢,希望,319
余生,工作,319
勿扰,爱,318
与子偕老,执子之手,318
运动,生活,喜欢,318
真诚,善良,喜欢,318
电影,希望,317
性格开朗,旅游,317
责任心,喜欢,希望,317
乐观,生活,317
干净,生活,317
家,喜欢,316
顾家,喜欢,316
看书,旅游,315
爬山,喜欢,315
心地善良,希望,315
善良,爱,希望,314
干净,爱,喜欢,314
懂得,珍惜,313
女儿,生活,312
健康,生活,311
上进心,希望,310
快乐,喜欢,310
非诚,喜欢,309
疼,爱,307
温和,希望,307
相伴,余生,307
家庭,性格,307
大方,希望,307
平时,旅游,306
孩子,爱,306
非诚,真诚,306
世界,希望,306
责任心,爱,306
能量,正,305
结婚,生活,305
人品,善良,304
美食,旅游,304
爱好,运动,304
一生,喜欢,303
爱心,善良,303
收入,喜欢,302
平时,性格,302
非诚,勿扰,喜欢,302
相伴,一生,302
年龄,生活,301
游泳,喜欢,301
体贴,希望,301
享受,生活,300
旅游,另一半,300
感情,另一半,299
度过,余生,299
运动,性格,298
音乐,生活,298
平台,余生,298
性格,善良,希望,298
寻找,生活,297
非诚,勿扰,真诚,297
抽烟,工作,297
抽烟,喝酒,希望,297
成熟,稳重,喜欢,297
运动,爱,喜欢,297
健康,希望,296
包容,余生,296
心,善良,296
女儿,喜欢,296
家庭,爱,296
性格开朗,喜欢,希望,295
稳重,责任心,295
勿扰,另一半,295
伴侣,喜欢,294
热爱生活,生活,294
相处,喜欢,294
三观,生活,293
家,生活,293
珍惜,爱,292
性格,善良,喜欢,292
平凡,生活,291
内心,喜欢,291
真心,喜欢,希望,291
经历,婚姻,290
身体健康,喜欢,290
家庭,善良,290
健康,喜欢,290
做饭,希望,290
踏实,希望,290
婚姻,爱,289
真心,真诚,289
余生,喜欢,希望,289
乐观,善良,288
感情,真诚,288
专一,喜欢,288
爱心,喜欢,287
贤惠,温柔,287
懂得,生活,287
性格开朗,工作,287
期待,喜欢,286
懂,余生,286
温柔,善良,喜欢,286
稳重,善良,285
责任心,余生,285
女儿,离异,285
学习,喜欢,285
善解人意,喜欢,285
婚姻,爱情,285
唱歌,旅游,285
看书,喜欢,希望,284
担当,生活,284
音乐,喜欢,希望,284
简单,性格,284
