word,counts
喜欢,15701
希望,15378
生活,9503
爱,8457
工作,6158
善良,5852
余生,4551
性格,4223
另一半,4162
真诚,3768
真心,3547
勿扰,3378
人生,3136
感情,3089
简单,3059
旅游,2823
幸福,2804
孩子,2605
爱情,2497
结婚,2477
责任心,2393
会员,2356
温柔,2322
年龄,2277
包容,2236
一生,2231
未来,2169
婚姻,2160
性格开朗,2135
过日子,2100
家庭,2092
相互,2059
时间,1990
共度,1973
珍惜,1954
寻找,1940
离异,1926
懂,1923
非诚,1913
运动,1889
爱好,1804
期待,1785
朋友,1773
平台,1769
开朗,1744
伴侣,1661
家,1656
稳定,1605
担当,1575
世界,1562
退休,1558
三观,1535
身高,1490
快乐,1484
父母,1472
努力,1471
心,1470
信息,1461
阳光,1457
平时,1430
稳重,1427
成熟,1417
合适,1407
缘分,1402
携手,1379
经历,1366
女儿,1324
相伴,1320
喝酒,1310
干净,1299
抽烟,1274
有缘,1230
独立,1223
乐观,1221
美好,1219
陪伴,1207
懂得,1196
陪,1191
理解,1181
人品,1173
温暖,1153
音乐,1136
内心,1133
热爱生活,1122
顾家,1097
收入,1054
专一,1041
不良嗜好,1036
爱心,997
只想,989
有缘人,978
相处,973
孝顺,972
真实,963
身体健康,957
一辈子,948
心地善良,944
做饭,941
健康,936
感觉,924
单身,919
条件,910
正,901
看书,899
善解人意,889
生命,887
踏实,886
日子,878
灵魂,877
唱歌,867
平凡,867
幽默,854
大方,837
事业,835
资料,835
不弃,834
开心,829
责任,828
安静,824
北京,807
电影,789
相爱,789
身边,789
体贴,786
不离,784
儿子,783
照顾,780
上班,776
美食,775
孤独,771
脾气,767
后半生,764
温和,759
浪漫,749
相遇,748
活泼,745
旅行,737
上海,732
慢慢,729
内向,717
经营,714
上进心,712
尊重,712
健身,702
等待,699
回复,698
随和,688
追求,686
离婚,681
选择,677
家里,668
眼缘,665
关心,662
珍爱,661
有房,649
永远,645
度过,643
真的,641
经济,638
毕业,637
能力,635
失败,625
为伴,619
负担,619
优秀,618
平淡,618
拥有,616
疼,616
相互理解,616
学习,611
有趣,610
诚实,606
小孩,604
白首,595
享受,593
随缘,593
牵手,590
恋爱,589
付出,587
平平淡淡,583
温馨,582
适合,579
爱人,577
热爱,576
岁月,574
人心,564
相识,562
更好,561
欣赏,556
渴望,555
家人,554
体重,549
贤惠,548
也许,544
做事,544
沟通,544
心态,541
热情,541
说话,537
笑,536
茫茫人海,528
圈子,527
身份证,519
正直,518
走过,513
对象,511
年轻,511
消息,511
骗子,510
地方,508
照片,507
公司,505
男生,500
责任感,499
女性,496
农村,495
来到,494
那种,493
简简单单,492
学历,491
感恩,490
成长,490
未婚,490
相守,489
进,489
活泼开朗,488
交友,485
宅,482
多年,480
求,478
家务,476
定居,471
有车,471
少,469
相知,469
绕道,466
安全感,465
读书,465
路,465
之间,464
年纪,463
男孩,459
互相理解,457
寻,457
你好,456
美丽,453
话,453
东西,452
自由,447
直爽,439
完美,438
打牌,436
相濡以沫,436
丧偶,435
理想,433
缘,427
可爱,424
国企,423
时光,420
脾气好,420
信任,418
依然,417
爬山,417
玩,417
孝顺父母,416
绕行,416
女,413
心灵,410
游泳,410
面对,410
吸烟,408
来信,407
散步,405
积极向上,403
大学,402
聊天,402
思想,401
负责,401
女孩子,398
通情达理,398
创业,397
房子,397
感谢,396
执子之手,396
下半生,395
往后,393
钱,393
传统,391
关注,391
充满,388
孤单,388
老家,388
向往,382
宠,382
自信,382
行业,381
扶持,378
赌博,378
不好,377
孝心,374
用心,374
外表,373
成家,372
打扰,372
本科,371
坚强,368
呵护,364
风景,363
机会,360
故事,359
原因,358
累,358
实在,357
漂亮,357
志同道合,356
能量,355
温柔体贴,354
长相,354
心中,353
跑步,353
寻觅,352
自律,352
不到,347
值得,346
做人,345
有时候,345
在家,344
放弃,344
发现,343
心想,342
诚心,341
身体,339
与子偕老,338
听歌,338
外向,338
重庆,337
终老,335
教师,334
踏踏实实,334
奋斗,333
文化,333
伤害,331
厨房,331
找对象,327
改变,327
关系,322
伴,319
城市,315
大大咧咧,314
宽容,314
谱,312
忙,311
习惯,310
路上,310
只求,309
身材,309
整洁,308
感受,307
挺,307
暖,307
注重,307
网,307
期望,306
羽毛球,306
老婆,306
只能,305
职业,305
错过,305
主动,304
梦想,304
邮票,304
先,303
我要,302
白头,302
发展,301
择偶,300
长,300
素质,299
一枚,298
前,298
爱是,298
风趣,298
事业心,297
介绍,297
工资,297
抱歉,297
谈,297
现实,296
分享,295
知,295
一路,294
寂寞,294
两人,293
不错,292
异地,292
欺骗,292
缘份,292
过好,292
风雨,291
介意,288
公务员,288
待人,288
没什么,288
长大,287
姑娘,286
孝敬父母,286
情况,285
兴趣爱好,284
有过,284
离开,284
老伴,284
变老,282
疼爱,282
唯一,281
买,280
爱笑,279
到来,278
摄影,278
居住,277
10,276
事业单位,276
单位,276
颜值,274
交流,273
女朋友,273
忠诚,273
接触,272
聊,272
住房,271
港湾,271
方式,270
异性,269
明白,269
浪费,269
皆,269
相依,269
不爱,268
憧憬,268
兴趣,267
想法,267
真心实意,267
修养,266
跳舞,266
厅堂,263
态度,263
留言,263
精神,263
白头偕老,262
老实,262
坦诚,261
就行,261
足够,261
分离,260
同行,260
开通,260
问,260
情,259
自然,259
逛街,259
30,258
写,258
缺点,258
业余时间,257
顺其自然,257
哈哈哈,256
阅读,256
世间,255
游戏,255
勤劳,254
独处,254
回家,253
教育,253
不高,251
交往,249
夕阳,249
天,249
安稳,248
老师,247
总有,246
社会,246
短暂,245
将来,244
心疼,244
一半,242
善于,242
明天,242
难,242
学会,241
情感,241
拒绝,241
半辈子,239
注册,237
外地,236
大度,236
算,236
精彩,236
20,235
企业,235
做好,234
白头到老,234
40,232
相亲,232
几年,231
心情,230
此生,230
老公,230
养生,229
欲,229
瑜伽,229
天津,228
妈妈,228
征婚,228
自我,228
不负,227
创造,227
向上,227
酒,227
专业,226
硕士,226
不相离,225
标准,224
花,224
支持,223
遗憾,223
不易,222
女子,222
有车有房,222
目标,222
相互尊重,222
和谐,221
大富大贵,221
状态,221
真诚相待,221
讨厌,221
样子,220
不知,219
互敬互爱,219
人间,219
共同语言,219
加油,219
理性,218
合,217
佳缘,216
50,215
共渡,215
宁缺毋滥,215
感性,215
真爱,215
一句,214
错,214
今生,213
总会,211
强求,210
执着,210
看着,210
诚意,210
好看,209
物质,209
遇上,209
一伴,208
总,208
不介意,207
喝,207
意义,207
两年,206
事物,206
肩膀,206
思考,205
打算,205
诚信,205
交朋友,204
坦诚相待,204
成功,204
气质,204
主见,203
喝茶,203
懂事,203
优点,202
善待,202
始终,202
平常,202
没事,202
活着,202
闲聊,202
合得来,201
嫌弃,201
开开心心,200
米,200
心底,199
早日,199
站,199
管理,199
性格外向,198
持家,198
未,198
舒服,198
个性,197
安排,197
谈恋爱,197
我能,196
心爱,194
母亲,194
动物,193
变得,193
告诉,193
安心,193
奔,192
熟悉,192
父亲,192
越来越,192
在乎,191
夫妻,191
良人,191
一個,190
晚年,190
爱家,190
最美,188
梦,188
见谅,188
体谅,187
注定,187
压力,186
投资,186
环境,186
网络,186
苦,186
表达,186
觅,186
凡事,185
直,185
信,184
养,184
打麻将,184
美,184
男性,183
不好意思,182
商量,182
大专,182
成,182
留下,182
amp,181
契合,181
本地人,181
耐心,181
聊得,181
外面,180
慢热,179
有没有,179
满眼,179
赌,179
走进,179
大学毕业,178
富有,178
是因为,178
性格内向,177
爱护,177
赚钱,177
加,176
换,176
社交,176
缺乏,176
讲,176
豁达,176
户口,175
看看书,175
越,175
距离,175
远方,175
优先,174
暂时,174
深情,174
组建,174
三年,173
厨艺,173
人会,172
半生,172
带来,172
深圳,172
眼里,172
聊聊,172
聪明,172
心仪,171
房,171
90,170
兔,170
吃饭,170
成就,170
无缘,170
相扶,170
计较,170
身心健康,170
锻炼,170
休息,169
勇敢,169
四季,169
知己,169
偏爱,168
真情,168
大自然,167
奔赴,167
轻易,167
下班,166
保护,166
原则,166
回到,166
12,165
女方,165
规划,165
不良,164
内涵,164
牛,164
销售,164
青春,164
牵,163
看不见,163
羊,163
过往,163
170,162
80,162
不在乎,162
狗,162
老人,162
基础,161
害怕,161
男方,161
长久,161
字,160
闲暇,160
关爱,159
外貌,159
守护,158
收拾,158
退休金,158
一女,157
一心一意,157
喜,157
帮,157
微笑,157
格局,157
相会,157
远,157
实实在在,156
相,156
美女,156
轰轰烈烈,156
文静,155
分,154
包容心,154
打拼,154
钓鱼,154
发信,153
子女,153
存款,153
我心,153
相亲相爱,153
蛇,153
高中,152
鼓励,152
一步,151
周末,151
品质,151
寻求,151
心动,151
时而,151
同甘共苦,150
处,150
大男子主义,150
心机,150
普普通通,150
细心,150
默契,150
一线,149
坎坷,149
平静,149
开车,149
生意,149
短,149
第一,149
过程,149
60,148
不太,148
不求,148
内敛,148
区,148
太多,148
已成,148
成都,148
打工,148
nbsp,147
剩下,147
工程师,147
普通人,147
面前,147
受伤,146
听听,146
大气,146
广东,146
抱,146
独白,146
生人,146
自驾游,146
养花,145
幸运,145
承担,145
结束,145
车,145
遇事,145
儿女,144
相逢,144
知冷知热,144
十年,143
去世,143
规律,143
偏,142
到期,142
消遣,142
男朋友,142
痛苦,142
细腻,142
羡慕,142
身上,142
亲人,141
命运,141
干,140
感动,140
真心真意,140
背叛,140
风,140
175,139
一世,139
书法,139
任性,139
好人,139
搞,139
智慧,139
碰到,139
自我介绍,139
55,138
前行,138
地区,138
妳,138
始于,138
挣钱,138
期盼,138
朴实,138
玩玩,138
认证,138
情商,137
独居,137
繁华,137
美好生活,137
计划,137
2021,136
医生,136
双向,136
四川,136
方向,136
猴,136
相貌,136
世上,135
学,135
我想,135
沉稳,135
余,134
喜爱,134
广州,134
收获,134
早点,134
生于,134
购房,134
轻松,134
辜负,134
一心,133
中国,133
买房,133
头像,133
换位,133
相待,133
研究,133
经济基础,133
35,132
万,132
书,132
知性,132
三餐,131
优雅,131
便是,131
可靠,131
幸福快乐,131
我愿,131
给我发,131
办法,130
哥哥,130
情趣,130
打招呼,130
有缘千里,130
歌,130
直率,130
相见,130
研究生,130
行且,130
诗,130
共同努力,129
品味,129
喝点,129
回来,129
一生一世,128
前半生,128
帅气,128
平安,128
有钱,128
本科毕业,128
贷款,128
长期,128
几个,127
只愿,127
宠物,127
小家,127
度,127
很长,127
拥抱,127
择一城,127
月薪,127
没关系,127
不太会,126
中医,126
医院,126
我来,126
水,126
生死相依,126
终生,126
见面,126
请谅解,126
参加,125
在生活中,125
大叔,125
差,125
承诺,125
无奈,125
无聊,125
画画,125
符合,125
酸甜苦辣,125
但求,124
共享,124
参与,124
天下,124
情绪,124
惊喜,124
热闹,124
互相关心,123
在意,123
外,123
心眼,123
激情,123
过得,123
黄昏,123
国家,122
在外,122
居家,122
才华,122
找寻,122
自已,122
伤,121
做个,121
变,121
委屈,121
守信,121
打篮球,121
正式,121
相互信任,121
一点点,120
两点,120
低,120
技术,120
放下,120
有意,120
端正,120
算是,120
类型,120
语言,120
回忆,119
强势,119
皮囊,119
虚伪,119
闪婚,119
160,118
充实,118
分手,118
唱,118
坚信,118
学校,118
对不起,118
尊老爱幼,118
平和,118
晚,118
本分,118
沉默,118
生活习惯,118
空间,118
终身,118
随性,118
11,117
不失,117
依旧,117
公斤,117
冬天,117
吵架,117
哭,117
浪费时间,117
烹饪,117
现已,117
舞蹈,117
走走,117
45,116
偶然,116
冷暖,116
刚刚,116
勤快,116
勿,116
固定,116
山东,116
很大,116
无所谓,116
比较简单,116
漂泊,116
知书达理,116
穿,116
输,116
龙,116
不愿,115
共同爱好,115
看重,115
知识,115
艺术,115
重情,115
两,114
嘻嘻,114
我定,114
湖北,114
男孩子,114
篮球,114
麻烦,114
万里,113
做生意,113
困难,113
最终,113
本科学历,113
认定,113
跟着,113
酗酒,113
长得,113
一切都是,112
上天,112
坚定,112
忙碌,112
注,112
苦短,112
远离,112
70,111
低调,111
前提,111
对人,111
恋,111
慢热型,111
深爱,111
观念,111
不幸,110
中有,110
单亲,110
告白,110
失望,110
市区,110
强大,110
旅途,110
无车,110
早,110
时刻,110
脆弱,110
走向,110
随遇而安,110
太阳,109
尝试,109
底线,109
敏感,109
无需,109
本来,109
虎,109
邮件,109
影响,108
成家立业,108
有事,108
死,108
直来直去,108
转身,108
这辈子,108
金融,108
之中,107
喜歡,107
天天,107
姐姐,107
网上,107
追剧,107
骗,107
65,106
勤奋,106
對,106
属相,106
机关,106
洁癖,106
眼前,106
走来,106
价值观,105
任何人,105
傻,105
家住,105
心直口快,105
拼搏,105
爸爸,105
粘人,105
金钱,105
需,105
马,105
不小,104
乐趣,104
二人,104
假,104
发生,104
好像,104
提升,104
无人,104
漫长,104
烟火,104
92,103
受过,103
可遇,103
妻子,103
安安稳稳,103
小说,103
有幸,103
祝,103
端庄,103
素养,103
给予,103
读懂,103
陌生,103
2020,102
上网,102
人生路,102
人能,102
好吃,102
宁静,102
往事,102
足矣,102
互联网,101
做菜,101
典型,101
几十年,101
动态,101
回首,101
够,101
大海,101
婚后,101
少年,101
收不到,101
肯定,101
谅解,101
15,100
做点,100
小学,100
建立,100
无房,100
有误,100
猫,100
相投,100
第一次,100
脱单,100
花心,100
运气,100
逛逛,100
长辈,100
难过,100
一只,99
体制,99
分开,99
勇气,99
历史,99
在读,99
归宿,99
手机,99
搭伙,99
玩游戏,99
理财,99
知足,99
请勿打扰,99
贵,99
一件,98
东北,98
信仰,98
国外,98
套路,98
应酬,98
心思,98
最长,98
有缘分,98
柴米油盐,98
遇一人,98
28,97
一米,97
汉子,97
湖南,97
生子,97
疲惫,97
胖,97
随便,97
TA,96
从来不,96
勤俭持家,96
完整,96
幻想,96
微信,96
急,96
我爱你,96
擅长,96
涵养,96
牵挂,96
相近,96
约,96
菜,96
辛苦,96
静好,96
丑,95
体验,95
后悔,95
唱歌跳舞,95
属狗,95
心目,95
我必,95
挑一,95
明年,95
江苏,95
烦恼,95
甜蜜,95
跑,95
锻炼身体,95
丶,94
人才,94
做过,94
医保,94
吸引,94
央企,94
快快乐乐,94
理由,94
财务,94
财富,94
软件,94
五年,93
保守,93
喜好,93
四年,93
天空,93
守候,93
小姐姐,93
心胸,93
情投意合,93
武汉,93
真挚,93
细水长流,93
细节,93
茶,93
贤妻良母,93
迁就,93
18,92
88,92
一无所有,92
一条,92
体会,92
努力奋斗,92
呆,92
天蝎座,92
婚史,92
工程,92
微胖,92
心安,92
打游戏,92
漫步,92
精力,92
解决,92
这是,92
180,91
一家人,91
两岁,91
互相照顾,91
仪式,91
借助,91
养老,91
务实,91
吃苦耐劳,91
回族,91
声明,91
心软,91
忠于,91
愉快,91
愿望,91
打球,91
有空,91
活泼可爱,91
社保,91
耽误,91
认真对待,91
跳,91
5000,90
五官端正,90
前世,90
即可,90
合眼,90
同事,90
实名,90
家中,90
时尚,90
永恒,90
直播,90
知心,90
身心,90
间,90
陌生人,90
2022,89
lt,89
不喜,89
乒乓球,89
交,89
亲爱,89
千篇一律,89
媳妇,89
导致,89
幸福生活,89
担心,89
旅程,89
晚上,89
没车,89
相仿,89
睡觉,89
结识,89
舞,89
饭菜,89
26,88
下厨,88
乐于助人,88
公主,88
共同进步,88
受,88
土著,88
外企,88
孝敬,88
对面,88
很难,88
恩爱,88
遇,88
信件,87
前妻,87
善,87
宠爱,87
斤斤计较,87
有意者,87
气,87
漫漫,87
爸妈,87
红尘,87
缺少,87
至少,87
认真负责,87
设计,87
请别,87
93,86
gt,86
you,86
不去,86
为人正直,86
以上学历,86
加倍,86
回报,86
属鸡,86
文艺,86
终身伴侣,86
网站,86
联系方式,86
随意,86
25,85
來,85
修行,85
出身,85
天涯,85
已过,85
干净利落,85
思念,85
想象,85
户外,85
易,85
更是,85
有心,85
永不,85
没房,85
眼睛,85
睿智,85
耿直,85
聊聊天,85
花言巧语,85
那份,85
一同,84
人员,84
以诚相待,84
伤心,84
号,84
吾,84
嫁,84
宽广,84
摩羯座,84
活动,84
点点滴滴,84
莫过于,84
冷,83
出门,83
同频,83
择一人,83
明,83
祝福,83
终究,83
证明,83
91,82
不善,82
人士,82
出轨,82
咖啡,82
城,82
实力,82
性情,82
户外运动,82
爱过,82
眼光,82
评价,82
靠近,82
一儿,81
上进,81
前夫,81
北方,81
安徽,81
家乡,81
小鸟依人,81
思维,81
护,81
文学,81
沉淀,81
没心没肺,81
病,81
自私,81
超过,81
追,81
长沙,81
麻将,81
87,80
94,80
三个,80
不行,80
两情相悦,80
之心,80
从容,80
养活,80
军人,80
分担,80
去年,80
只为,80
哄,80
回头,80
培训,80
套房,80
忘记,80
念,80
拍照,80
携,80
會,80
次,80
牵着,80
独生子女,80
猪,80
留给,80
眼,80
美景,80
记得,80
道,80
错误,80
顺眼,80
58,79
75,79
86,79
亲情,79
和睦,79
坦然,79
属猪,79
忘,79
我家,79
深,79
理智,79
知书达礼,79
私信,79
舒适,79
逛,79
风风雨雨,79
I,78
一个月,78
一块,78
一见钟情,78
依赖,78
保障,78
假期,78
和善,78
地点,78
培养,78
找位,78
放松,78
河南,78
浏览,78
眼中,78
知音,78
青年,78
165,77
不让,77
交给,77
代表,77
共创,77
初心,77
年收入,77
我命,77
我幸,77
打开,77
看过,77
类,77
與,77
衣服,77
默默,77
一双,76
下辈子,76
买菜,76
夜店,76
得体,76
挑战,76
撒娇,76
放,76
新疆,76
昨天,76
暧昧,76
杭州,76
正确,76
熟,76
独生女,76
着想,76
管理工作,76
话题,76
谈过,76
鼠,76
16,75
85,75
上学,75
不厌,75
个子,75
价值,75
养家,75
县城,75
宝贵,75
形象,75
志趣相投,75
拉,75
放在,75
文字,75
无限,75
看电视,75
编制,75
老去,75
诚恳,75
雨,75
颜控,75
27,74
48,74
89,74
95,74
中年,74
再也,74
帅,74
心理,74
时代,74
生肖,74
稍微,74
空闲,74
经验,74
结局,74
绘画,74
老实人,74
质量,74
过客,74
迎接,74
陪你到,74
静,74
世纪,73
人海茫茫,73
周边,73
命里,73
多一点,73
天生,73
太久,73
岁数,73
悲伤,73
感兴趣,73
放手,73
有限,73
河北,73
烟酒,73
甜,73
留学,73
聚会,73
自立,73
诚心诚意,73
72,72
中学,72
冷漠,72
凑合,72
华丽,72
只会,72
品位,72
品德,72
崇拜,72
想到,72
拐弯抹角,72
最佳,72
浙江,72
渡过,72
相通,72
粥,72
重义,72
闲时,72
38,71
不拘小节,71
位,71
低于,71
信心,71
全心全意,71
奇迹,71
好多,71
帅哥,71
广场,71
慢,71
无孩,71
日出日落,71
生病,71
美的,71
随心,71
985,70
写信,70
力量,70
动漫,70
原生,70
周全,70
天秤座,70
奢望,70
妈宝,70
容颜,70
尚可,70
承受,70
接近,70
本书,70
段,70
温婉,70
生气,70
相互了解,70
西安,70
走出,70
重视,70
高校,70
73,69
the,69
伞,69
具备,69
出差,69
卫生,69
坏,69
安逸,69
开启,69
懒,69
擦肩而过,69
新鲜,69
温度,69
疫情,69
相惜,69
看淡,69
矛盾,69
一手,68
一把,68
体型,68
做做,68
元,68
再婚,68
南京,68
去过,68
吃苦,68
处事,68
姻缘,68
家庭和睦,68
平平安安,68
忙于,68
抚养,68
装修,68
送,68
遮风挡雨,68
阅历,68
高级,68
不符,67
充满希望,67
内心独白,67
匹配,67
南方,67
台球,67
年底,67
广西,67
开郎,67
弄,67
快点,67
憨,67
改,67
晒太阳,67
步入,67
盼望,67
穷,67
自强,67
营造,67
贤淑,67
63,66
68,66
to,66
丈夫,66
可温,66
完下,66
宝宝,66
山,66
年生,66
店,66
打打,66
把握,66
拍,66
探索,66
控,66
晚点,66
江西,66
登山,66
眼神,66
确实,66
笑容,66
试试,66
过半,66
风雨同舟,66
96,65
人要,65
以待,65
做作,65
内外,65
农民,65
却是,65
厚道,65
固定收入,65
娶,65
安定,65
就行了,65
建筑,65
怀着,65
想着,65
氛围,65
沒有,65
独立自主,65
知足常乐,65
祖国,65
终,65
背景,65
脚踏实地,65
自动,65
24,64
36,64
不期而遇,64
不该,64
丢,64
初中,64
嗨,64
小日子,64
小时,64
应,64
愿有,64
托付,64
有家,64
流浪,64
灿烂,64
独生子,64
甜言蜜语,64
相敬如宾,64
终点,64
美满,64
能干,64
自尊,64
车房,64
这份,64
迷茫,64
100,63
33,63
互爱,63
体贴人,63
免谈,63
入,63
友善,63
回国,63
填写,63
声音,63
备注,63
妹妹,63
小孩子,63
已婚,63
弟弟,63
徒步,63
心爱人,63
打理,63
挫折,63
放心,63
活成,63
相随,63
磨合,63
籍贯,63
自有,63
自来,63
英语,63
视频,63
谈得来,63
负债,63
静静的,63
32,62
三岁,62
世俗,62
争吵,62
事事,62
人来,62
個,62
冷战,62
包括,62
受过伤,62
可惜,62
命中注定,62
喜怒哀乐,62
射手座,62
就职,62
干干净净,62
心善,62
搀扶,62
真心诚意,62
美颜,62
西藏,62
那位,62
闹,62
骑行,62
.....,61
52,61
一屋,61
上能,61
业务,61
互相帮助,61
体育,61
依偎,61
入骨,61
博士,61
吹,61
坐,61
大部分,61
天地,61
好友,61
子,61
富贵,61
小家庭,61
幽默感,61
心若,61
换来,61
教,61
朋友圈,61
期间,61
爱上,61
珍贵,61
相合,61
短婚,61
缘来,61
花草,61
行政,61
讲究,61
谎言,61
阶段,61
香港,61
178,60
一个男孩,60
一段时间,60
不及,60
不善言辞,60
不谈,60
净身,60
哈哈哈哈,60
太累,60
失落,60
安好,60
家境,60
家暴,60
属马,60
山水,60
年薪,60
幸福美满,60
开玩笑,60
想过,60
散散步,60
无悔,60
日出,60
晚年生活,60
渣,60
痛,60
看好,60
礼貌,60
种花,60
自由自在,60
自驾,60
足球,60
邂逅,60
重点,60
211,59
22,59
一岁,59
不合,59
不见,59
仔细,59
儒雅,59
全国,59
关键,59
内在,59
千里,59
历经,59
地域,59
处于,59
大于,59
小时候,59
巧合,59
式,59
彩虹,59
忽略,59
性子,59
情调,59
想想,59
愉悦,59
我用,59
折腾,59
无情,59
春天,59
未育,59
树,59
淡然,59
直白,59
真诚待人,59
购车,59
追寻,59
76,58
BR,58
不帅,58
不良习惯,58
两次,58
互补,58
人有,58
休闲,58
倔强,58
名字,58
国内,58
坦荡,58
安安静静,58
宝贝,58
崇尚,58
很小,58
情缘,58
愛,58
慎重,58
所有人,58
政府,58
敬请,58
无忧无虑,58
早已,58
活在,58
活波,58
渐渐,58
现居,58
相思,58
符合条件,58
纹身,58
练,58
职工,58
还好,58
一本,57
一眼,57
作,57
全世界,57
冷静,57
几岁,57
发现自己,57
发脾气,57
品行端正,57
增长,57
多好,57
多愁善感,57
天长地久,57
太小,57
学生,57
小事,57
很多年,57
打扮,57
敷衍,57
日常,57
比较忙,57
汽车,57
瘦,57
着急,57
磨难,57
见到,57
遇不到,57
长远,57
17,56
172,56
and,56
一所,56
一日三餐,56
中心,56
云南,56
交际,56
全款,56
别来,56
原谅,56
双手,56
合拍,56
君,56
好运,56
婚,56
孝敬老人,56
带给,56
年华,56
恨,56
情绪稳定,56
房产,56
每月,56
洒脱,56
海边,56
疾病,56
皮肤,56
眼泪,56
精致,56
纠结,56
老天,56
胸怀,56
自爱,56
过年,56
银行,56
66,55
a,55
不带,55
兼职,55
周岁,55
寻寻觅觅,55
山西,55
师,55
带有,55
幼稚,55
恶习,55
想念,55
户籍,55
房贷,55
抛弃,55
无意,55
智商,55
有情人终成眷属,55
比较慢,55
深深,55
特,55
看清楚,55
缺,55
美国,55
美好时光,55
背后,55
脸上,55
贴心,55
赚,55
转眼,55
陪你走,55
鸡,55
黑龙江,55
29,54
62,54
一见,54
一辆,54
云卷云舒,54
人到中年,54
人好,54
人群,54
人过,54
传销,54
伤不起,54
倾听,54
免,54
友情,54
嘴,54
回信,54
大好河山,54
如初,54
尊敬,54
心存,54
心心相印,54
您好,54
指教,54
收到,54
教养,54
新闻,54
暴躁,54
月份,54
本性,54
滴,54
王者,54
腼腆,54
自重,54
藏,54
解锁,54
车子,54
高度,54
57,53
81,53
84,53
一身,53
与人为善,53
买车,53
以内,53
匀称,53
同龄人,53
品尝,53
在编,53
婚姻生活,53
嫁给,53
安慰,53
家有,53
属虎,53
彼此之间,53
打乒乓球,53
投缘,53
显,53
查看,53
爱好音乐,53
直性子,53
矫情,53
福,53
私企,53
自主,53
蓦然回首,53
走遍,53
13,52
21,52
83,52
一分,52
中等,52
二婚,52
云,52
佛系,52
保证,52
写作,52
刻意,52
勉强,52
味道,52
奔跑,52
奢求,52
平,52
接纳,52
撑起,52
改不了,52
未必,52
欢乐,52
欢喜,52
电商,52
男子,52
相聚,52
盼,52
看清,52
祖籍,52
结伴,52
能带,52
花开花落,52
花钱,52
被动,52
认知,52
记忆,52
超级,52
身,52
过后,52
19,51
2019,51
54,51
64,51
8000,51
82,51
三千,51
人和事,51
伤痛,51
关心体贴,51
关怀,51
养鱼,51
原本,51
反正,51
向前,51
天真,51
妹子,51
工人,51
带个,51
归来,51
性,51
抱怨,51
旅,51
游玩,51
滑雪,51
生长,51
认可,51
认同,51
道路,51
一程,50
似,50
公园,50
六年,50
加班,50
半年,50
取决于,50
固执,50
土生土长,50
太高,50
头发,50
家园,50
小酒,50
属鼠,50
年少,50
当成,50
性情温和,50
情人,50
意味着,50
我者,50
早上,50
机构,50
活力,50
美丽大方,50
贵州,50
路过,50
过得去,50
项目,50
高冷,50
168,49
71,49
K,49
一声,49
一子,49
万物,49
不差,49
乐器,49
产品,49
全是,49
内容,49
发消息,49
吃货,49
吉他,49
场合,49
多点,49
宽厚,49
尽头,49
很强,49
无忧,49
没人,49
没法,49
泡吧,49
满意,49
热爱工作,49
狗狗,49
独自一人,49
玫瑰,49
白天,49
看信,49
看眼缘,49
空,49
绕道而行,49
表面,49
言语,49
讲卫生,49
豪爽,49
道德,49
郑州,49
饭,49
78,48
久于,48
事理,48
人为,48
人格,48
同学,48
命,48
头脑,48
娃,48
户外活动,48
敢爱敢恨,48
柔软,48
模样,48
永久,48
沧桑,48
温顺,48
熟人,48
电视,48
百年,48
盛开,48
相关,48
瞬间,48
离过婚,48
纯净,48
纯洁,48
自卑,48
苏州,48
视,48
言,48
踪迹,48
转转,48
轻轻,48
还会,48
这才,48
非会员,48
173,47
42,47
一对,47
业余,47
以心,47
催,47
内热,47
十几年,47
十多年,47
厮守,47
可甜,47
员工,47
在职,47
夏天,47
夜晚,47
天意,47
太难,47
就让,47
悲欢,47
成年人,47
房车,47
控制,47
敬于,47
时常,47
清晨,47
烟,47
独一无二,47
田园生活,47
看法,47
看透,47
经商,47
编,47
自由职业,47
虚假,47
负,47
辞职,47
逗,47
邋遢,47
都行,47
.......,46
一张,46
上帝,46
下得,46
个体,46
丰满,46
事儿,46
余下,46
化妆,46
名下,46
品茶,46
回应,46
头,46
好奇,46
容貌,46
很快,46
心意,46
意外,46
我怕,46
拼命,46
撒谎,46
未知,46
爱慕,46
独特,46
男女,46
纯真,46
经济负担,46
维护,46
美好未来,46
聚,46
舍得,46
艰辛,46
落户,46
行走,46
街,46
贫穷,46
辉煌,46
酒吧,46
青岛,46
黑,46
14,45
53,45
56,45
一瓢,45
不玩,45
中专,45
五官,45
健谈,45
共进,45
内心深处,45
后半辈子,45
喜悦,45
境界,45
太远,45
好感,45
小女子,45
恋人,45
投入,45
掉,45
无论是,45
每次,45
水平,45
灯火阑珊,45
留在,45
碰碰运气,45
种种,45
答案,45
结交,45
胖子,45
角落,45
請,45
走开,45
转,45
道理,45
配,45
闺女,45
需求,45
饮,45
骄傲,45
骗人,45
骨子里,45
黑夜,45
一道,44
乖巧,44
人间烟火,44
偕老,44
共鸣,44
冲动,44
协会,44
双,44
圆满,44
外债,44
多一些,44
失之,44
奉献,44
好点,44
嫖,44
安,44
小窝,44
干净利索,44
平等,44
心智,44
意向,44
房间,44
攀比,44
日落,44
星辰,44
本是,44
海,44
爬,44
电视剧,44
相互支持,44
相依为命,44
睡,44
考验,44
自我感觉,44
解释,44
讨好,44
购物,44
走路,44
鱼,44
74,43
一座,43
一晃,43
乱,43
事业有成,43
二十年,43
亲,43
代步车,43
伤过,43
伪装,43
停留,43
八年,43
冷暴力,43
半世,43
单着,43
友好,43
坚守,43
夕阳西下,43
外冷,43
大学本科,43
大连,43
太胖,43
奈何,43
好菜,43
宅家,43
属龙,43
山河,43
平日,43
当过兵,43
得不到,43
性质,43
条条框框,43
海外,43
淡定,43
满满,43
画,43
相拥,43
私聊,43
红娘,43
结过婚,43
绚烂,43
蝴蝶,43
融洽,43
谦让,43
贴,43
身份,43
辽宁,43
达,43
过多,43
飞,43
79,42
一金,42
上市公司,42
下载,42
不忘,42
之手,42
人性,42
件,42
佳人,42
厘米,42
原,42
变化,42
可怕,42
和平,42
品行,42
唯独,42
因為,42
夜,42
大龄,42
奉陪到底,42
奔波,42
家里人,42
心愿,42
恩恩爱爱,42
意识,42
感悟,42
手牵手,42
托,42
抽,42
挑剔,42
整理,42
无心,42
果断,42
活泼大方,42
流泪,42
游,42
爱好者,42
甜美,42
生存,42
礼物,42
租房,42
笨,42
耍,42
耍流氓,42
舒心,42
不烟,41
不远,41
为重,41
亲切,41
人情世故,41
健健康康,41
共同话题,41
减肥,41
双休,41
发来,41
君子,41
坦率,41
天涯海角,41
安家,41
小朋友,41
带点,41
平平,41
年代,41
张扬,41
忧伤,41
怀抱,41
情怀,41
想起,41
愿能,41
抖音,41
拼,41
挑,41
捧,41
无非,41
星座,41
春秋,41
晒,41
模式,41
殿堂,41
汉族,41
治愈,41
沾,41
活跃,41
海南,41
满满的,41
煮饭,41
理念,41
生死,41
相约,41
短短,41
科技,41
第一位,41
美容,41
而行,41
能过,41
脚步,41
观点,41
认认真真,41
记住,41
设计师,41
运营,41
遥远,41
闲,41
隐瞒,41
静静,41
魅力,41
2018,40
IT,40
O,40
is,40
一瞬间,40
三亚,40
三分,40
不来,40
世事,40
业余爱好,40
中学教师,40
人生旅途,40
健在,40
冬日,40
凉,40
千百度,40
午后,40
厨师,40
城区,40
太大,40
如命,40
孙子,40
宝,40
小聚,40
属实,40
接,40
提高,40
收,40
无关,40
无数,40
有太多,40
本市,40
本质,40
朴素,40
滋味,40
照亮,40
爱玩,40
生日,40
生育,40
目光,40
终须,40
老来,40
能聊,40
苗条,40
荣华富贵,40
虚荣,40
说说话,40
调整,40
足以,40
锦上添花,40
陕西,40
高富帅,40
23,39
310,39
43,39
46,39
47,39
七年,39
万事,39
不畏,39
世故,39
乡,39
从前,39
佳,39
信念,39
催婚,39
写字,39
删除,39
制造,39
前任,39
厦门,39
发自内心,39
史,39
告别,39
在线,39
外出,39
女友,39
女孩儿,39
娱乐,39
小学教师,39
小生意,39
尴尬,39
市场,39
干部,39
当兵,39
很累,39
感激,39
无助,39
无时,39
最合适,39
最爱,39
服务,39
桂林,39
济南,39
渗透,39
游山玩水,39
爱看,39
爱美,39
相恋,39
研发,39
秘密,39
程度,39
落,39
融入,39
角度,39
言谈,39
躺,39
过世,39
钱财,39
静静地,39
餐饮,39
饮食,39
高傲,39
31,38
不酒,38
乐,38
京户,38
人不离,38
人世间,38
伤痕累累,38
倾向,38
入得,38
再生,38
动力,38
医疗,38
发呆,38
只不过,38
可贵,38
嗜好,38
回归,38
回眸,38
增加,38
女强人,38
嫌,38
岗位,38
已有,38
市,38
带走,38
当初,38
心怀,38
心胸开阔,38
手工,38
打造,38
携手并肩,38
散,38
明亮,38
晴天,38
服装,38
朝九晚五,38
柴米油盐酱醋茶,38
江湖,38
流逝,38
清静,38
潇洒,38
率真,38
理,38
疯,38
算计,38
良心,38
节假日,38
节奏,38
衣食无忧,38
认识一下,38
诚实可靠,38
跟随,38
过下,38
那一刻,38
酷爱,38
140,37
34,37
37,37
69,37
交心,37
会累,37
会计,37
保姆,37
全,37
办,37
动,37
勇于,37
印象,37
可静,37
司机,37
噢,37
坐在,37
好动,37
妥协,37
学识,37
完善,37
宽,37
帮忙,37
平易近人,37
心地,37
忠厚,37
性格不合,37
担任,37
拥,37
本份,37
来此,37
正义感,37
沈阳,37
活得,37
温情,37
爰,37
爱情观,37
红颜,37
聪慧,37
英雄,37
装,37
观,37
讓,37
诱惑,37
读研,37
调皮,37
超市,37
49,36
59,36
77,36
for,36
一律,36
不住,36
个人资料,36
久处,36
乡村,36
亲密,36
从一而终,36
任职,36
充满热情,36
出发,36
单独,36
只取,36
向阳,36
听说,36
呦,36
四岁,36
填错,36
外向型,36
大胆,36
天堂,36
女神,36
安宁,36
害羞,36
家教,36
尊严,36
小女孩,36
少女,36
就别,36
工地,36
平常心,36
年前,36
建议,36
弹,36
很想,36
心扉,36
我本,36
所求,36
扶,36
挣,36
无常,36
星星,36
春夏秋冬,36
有情,36
楼房,36
欲望,36
每周,36
点儿,36
热心,36
相符,36
知识分子,36
碰,36
结婚的人,36
色彩,36
落落大方,36
虚拟,36
见证,36
谈不上,36
退,36
退伍军人,36
闺蜜,36
领导,36
162,35
163,35
176,35
97,35
98,35
一回,35
不在意,35
不累,35
不缺,35
不胖,35
两套,35
五岁,35
京,35
人住,35
作息,35
健身房,35
健身运动,35
台灣,35
同情心,35
哲学,35
大型,35
天定,35
妈,35
守,35
工厂,35
归属,35
很会,35
惬意,35
意愿,35
技能,35
提供,35
提示,35
文章,35
春风,35
有光,35
没想,35
没钱,35
淡淡,35
理工,35
甘肃,35
生活品质,35
生活态度,35
白发,35
相依相偎,35
看待,35
稍,35
终将,35
胜过,35
花花草草,35
苦苦,35
認識,35
负责人,35
身后,35
门当户对,35
2017,34
上传,34
与子,34
伴侶,34
低头,34
修改,34
兄弟,34
共建,34
出众,34
卖,34
合伙,34
合肥,34
同情,34
听话,34
坐标,34
多大,34
大一岁,34
如意,34
孤独寂寞,34
宁缺勿滥,34
富,34
富裕,34
对错,34
小小的,34
工作室,34
带上,34
平庸,34
心酸,34
惜,34
懒惰,34
打击,34
无数次,34
時候,34
時間,34
晚一点,34
暴力,34
曰,34
气息,34
浮云,34
消失,34
清爽,34
煮,34
爱意,34
独子,34
现实生活,34
积累,34
细,34
羯,34
能夠,34
脸,34
花开,34
誓言,34
许,34
试着,34
谢绝,34
貌美如花,34
跌跌撞撞,34
蹉跎,34
进一步,34
进取,34
迷失,34
选,34
部队,34
陷于,34
雪,34
靠靠,34
OK,33
PS,33
my,33
一方,33
不吃,33
不如意,33
不留,33
两地,33
严谨,33
久久,33
之内,33
从小到大,33
他会,33
优质,33
例外,33
兄弟姐妹,33
决心,33
几次,33
出租,33
剩,33
动手,33
单一,33
反感,33
只在乎,33
可动,33
各有,33
名,33
回答,33
多些,33
好比,33
姐妹,33
安康,33
对得起,33
小资,33
尘埃,33
影子,33
心甘情愿,33
扛,33
抓住,33
拜托,33
接地,33
推销,33
提,33
摩,33
撸,33
操心,33
收藏,33
旅遊,33
春暖花开,33
有情人,33
正好,33
正当,33
气质佳,33
洗衣,33
温文尔雅,33
状况,33
珠海,33
离世,33
窝,33
童话,33
评论,33
诗词,33
购买,33
赋予,33
赢,33
轮回,33
过期,33
这句,33
逼,33
醒来,33
问候,33
领域,33
驾照,33
黑暗,33
l,32
ω,32
一幅,32
三十岁,32
上班族,32
不回,32
不聊,32
乐于,32
乱七八糟,32
二年,32
仰望,32
伴随,32
体育运动,32
倒,32
光明,32
光阴,32
免得,32
养老金,32
兼,32
冰冷,32
几天,32
前方,32
厚爱,32
品,32
婚礼,32
家常菜,32
小小,32
小心,32
小酌,32
差距,32
应有,32
建设,32
开发,32
当做,32
得来,32
忠厚老实,32
意中人,32
感谢您,32
憨厚,32
成绩,32
方知,32
昆明,32
更改,32
月工资,32
沟通交流,32
没谈过,32
琐碎,32
甜甜的,32
看中,32
看海,32
空气,32
穿着,32
簡單,32
绅士,32
经得起,32
经理,32
结,32
综合,32
自带,32
落地,32
记录,32
说走就走,32
谦虚,32
谨慎,32
走走看看,32
近期,32
迷人,32
递,32
那人,32
配得,32
问心无愧,32
闲下来,32
饮酒,32
鲜花,32
万左右,31
上门,31
不说,31
亏欠,31
众里,31
优越,31
伤感,31
估计,31
体贴入微,31
修,31
做做饭,31
出嫁,31
创建,31
办事,31
历练,31
可口,31
可盐,31
同城,31
听书,31
品貌,31
圆,31
坦白,31
外形,31
多岁,31
天使,31
女婿,31
好书,31
如果说,31
学院,31
将心比心,31
工作狂,31
工作者,31
希,31
心理学,31
忍让,31
我长,31
打不开,31
撩,31
无怨无悔,31
无能为力,31
无趣,31
是从,31
有话,31
柔和,31
欢笑,31
比我强,31
比较稳定,31
没用,31
消费,31
清风,31
渡,31
点滴,31
烧菜,31
独身,31
电脑,31
相夫教子,31
真城,31
真谛,31
福建,31
离不开,31
纷繁复杂,31
绕路,31
续费,31
考,31
艰难,31
表现,31
讲道理,31
较强,31
辣,31
这座,31
远点,31
迟到,31
退伍,31
郊游,31
钢琴,31
面包,31
领证,31
风光,31
高考,31
高跟鞋,31
黏人,31
110,30
175cm,30
3000,30
44,30
500,30
51,30
67,30
一般般,30
不上,30
不靠,30
专注,30
专科,30
东莞,30
两种,30
五险,30
交个,30
享尽,30
亲近,30
人活,30
人海中,30
人类,30
何方,30
像是,30
勾心斗角,30
卿,30
双重性格,30
发给,30
同一个,30
同理,30
吵,30
喜乐,30
地产,30
天气,30
婚房,30
季节,30
富足,30
寻得,30
并存,30
弱水三千,30
心想事成,30
意,30
手心,30
打交道,30
拼了命,30
敞开,30
时会,30
最起码,30
月亮,30
有余,30
有种,30
朦胧,30
本硕,30
欠,30
注明,30
流,30
深刻,30
灯光,30
烟台,30
现住,30
百万,30
相片,30
看似,30
真想,30
窄,30
糊涂,30
纯朴,30
绽放,30
绿茶,30
能遇,30
若有,30
解决问题,30
识大体,30
诚,30
轻微,30
送给,30
遍体鳞伤,30
配合,30
释怀,30
重庆市,30
霸道,30
风花雪月,30
食物,30
1.65,29
1.75,29
158,29
一级,29
三十,29
不多,29
人时,29
保留,29
俩个,29
做起,29
全日制,29
公平,29
共同奋斗,29
共赴,29
内向型,29
内心世界,29
内蒙古,29
再见,29
剩女,29
副业,29
动静,29
千山万水,29
取暖,29
合作,29
向前走,29
和睦相处,29
喜静,29
嘴笨,29
国际,29
图,29
多言,29
大声,29
大家庭,29
天上,29
好难,29
宿命,29
已然,29
幼儿园,29
弹琴,29
形容,29
彷徨,29
心与心,29
心痛,29
急性子,29
总有一天,29
惧,29
意见,29
房地产,29
抬头,29
教书,29
星空,29
晚婚,29
普通家庭,29
暖心,29
更能,29
月入,29
有颗,29
本事,29
柔弱,29
毛病,29
水瓶座,29
热气腾腾,29
熬,29
爱上你,29
特长,29
独女,29
琐事,29
百分百,29
真人,29
眷顾,29
绝不会,29
聊聊吧,29
般,29
茫茫,29
试试看,29
谋生,29
贵在,29
贵阳,29
走入,29
追逐,29
造就,29
避风港,29
那头,29
部门,29
配不上,29
铁路,29
频率,29
飞翔,29
饿,29
高大,29
39,28
QQ,28
be,28
love,28
ps,28
quot,28
一笑,28
三无,28
三生有幸,28
下半场,28
不争,28
不惑之年,28
不甘,28
个人爱好,28
为人处事,28
主城,28
久伴,28
乡下,28
书籍,28
事业型,28
二十多年,28
人去,28
人缘,28
体现,28
做出,28
兔子,28
兜兜,28
全家,28
冥冥之中,28
利用,28
受伤害,28
台湾,28
咸,28
哥,28
四个,28
坚韧,28
夕阳红,28
大千世界,28
大小,28
夲,28
奢侈,28
好不好,28
宇宙,28
小菜,28
屋子,28
山东人,28
山川,28
布置,28
带锁,28
平平凡凡,28
开花结果,28
很帅,28
忍受,28
总要,28
情侣,28
慢慢来,28
换心,28
提前,28
无比,28
早餐,28
显得,28
有无,28
有点儿,28
朝阳,28
未曾,28
柔情,28
油腻,28
淡,28
深度,28
淳朴,28
炫耀,28
烦,28
物质条件,28
相比,28
眼界,28
福气,28
离去,28
空虚,28
第一印象,28
等于,28
美术,28
聚聚,28
若能,28
见识,28
話,28
谦和,28
蹦迪,28
身旁,28
躲,28
还行,28
这能,28
长长的,28
阿姨,28
顺利,28
风格,28
风雨兼程,28
鬼,28
........,27
61,27
99,27
me,27
―,27
一地,27
一处,27
三遍,27
下棋,27
下雨,27
不看,27
两段,27
丫头,27
互相支持,27
井井有条,27
亲和力,27
人生如梦,27
优,27
会为,27
位置,27
住在一起,27
修炼,27
充满信心,27
公益,27
卑微,27
后盾,27
命中,27
哪有,27
善心,27
喔,27
因缘,27
地球,27
坚毅,27
大二,27
太原,27
太漂亮,27
好学,27
如能,27
威海,27
孤寂,27
孩子气,27
对眼,27
巨蟹座,27
常年,27
当年,27
心有,27
心计,27
性情中人,27
悠闲,27
惠州,27
愛情,27
房有车,27
护士,27
报,27
提醒,27
搞笑,27
搬,27
改大,27
故乡,27
教学,27
日本,27
明理,27
有生之年,27
标签,27
桃花,27
沿途,27
洗碗,27
淡泊,27
清醒,27
热茶,27
玩笑,27
现有,27
电话,27
社交圈,27
简介,27
系,27
经不起,27
老年,27
而立之年,27
脚,27
自觉,27
苟且,27
装饰,27
觅得,27
记仇,27
资本,27
轻狂,27
逗比,27
醉,27
长长,27
阳光明媚,27
难以,27
集团,27
颗,27
骚扰,27
高质量,27
---,26
2015,26
Q,26
一丝,26
一类,26
万般,26
三口,26
两颗心,26
中意,26
之上,26
之道,26
书香门第,26
互助,26
互敬,26
人世,26
人无完人,26
人生观,26
代价,26
低谷,26
佛,26
修身,26
做些,26
儿戏,26
充值,26
出去玩,26
出国,26
刻骨铭心,26
医学,26
南昌,26
双眼,26
发出,26
发送,26
和和睦睦,26
喧嚣,26
四处,26
回老家,26
多久,26
多情,26
大学生,26
大男人主义,26
好脾气,26
宁波,26
小吃,26
小心眼,26
尽力,26
幸福感,26
广,26
建造师,26
弃,26
心上人,26
心来,26
忠贞,26
怀疑,26
性格特点,26
恬静,26
悲,26
感知,26
打发,26
排斥,26
操作,26
教会,26
数字,26
方法,26
无憾,26
明月,26
星河,26
暖暖的,26
會員,26
样貌,26
梦里,26
永不分离,26
流水,26
清欢,26
犹豫,26
玩耍,26
男子汉,26
登录,26
相持,26
祝愿,26
秋,26
空白,26
第一眼,26
紧,26
绕,26
考上,26
聆听,26
肯干,26
落尽,26
誠,26
计算机,26
让你在,26
赏,26
足,26
运动员,26
退休工人,26
重复,26
银川,26
颠沛流离,26
饭店,26
高挑,26
＂,26
.........,25
2016,25
in,25
k,25
万千,25
三五,25
不乏,25
不停,25
不太好,25
不配,25
专心,25
为家,25
举案齐眉,25
义气,25
书画,25
互不,25
人带,25
仙女,25
但会,25
傻傻的,25
划过,25
创新,25
制作,25
办理,25
古筝,25
各类,25
嘉宾,25
回去,25
因果,25
城里,25
外贸,25
多一份,25
大哥,25
大起大落,25
天蝎,25
太过,25
安度晚年,25
安然,25
家庭幸福,25
小气,25
巳,25
平衡,25
年来,25
幸,25
弹钢琴,25
往前走,25
後,25
得失,25
心有灵犀,25
忘掉,25
忧,25
恋家,25
惊艳,25
慈悲,25
懂爱,25
戏,25
成全,25
我俩,25
手里,25
找回,25
承认,25
抱负,25
拖,25
支撑,25
教练,25
无私,25
明媚,25
暂,25
最初,25
来之不易,25
欺负,25
正经,25
残酷,25
比赛,25
油田,25
浮躁,25
海洋,25
炒股,25
烘焙,25
现状,25
玻璃窗,25
珍重,25
班,25
生活圈,25
疯狂,25
相册,25
相看,25
积蓄,25
糟糕,25
约会,25
聊到,25
肉,25
股票,25
虚情假意,25
要强,25
诚觅,25
账号,25
资产,25
走到,25
跑跑步,25
跟前,25
逃避,25
這個,25
重情义,25
镇,25
长发,25
颜色,25
验证,25
骑,25
高贵,25
150,24
4000,24
o,24
一日,24
一朵,24
一点一滴,24
一盏,24
一遍,24
丁克,24
不惑,24
世人,24
丰富多彩,24
乐意,24
书写,24
些许,24
人到,24
人文,24
人际关系,24
今日,24
令人,24
伙伴,24
传递,24
体质,24
债务,24
倾尽,24
偏向,24
兰州,24
养养,24
养狗,24
农历,24
剑,24
副,24
包,24
单亲家庭,24
可否,24
同意,24
吻,24
品格,24
外地人,24
多个,24
大三,24
大点,24
太丑,24
太极,24
太软,24
太重,24
女性朋友,24
好几年,24
如实,24
学业,24
家长,24
寻一,24
小可爱,24
小女儿,24
小女生,24
年内,24
幸福家庭,24
广告,24
律师,24
心境,24
我惜,24
打动,24
打扫,24
挚爱,24
捡,24
推荐,24
描述,24
放开,24
明明,24
春,24
時,24
晚霞,24
更要,24
此刻,24
母胎,24
没想到,24
没能,24
法律,24
洗礼,24
清净,24
滋养,24
爱情专一,24
爱憎分明,24
牵绊,24
狮子座,24
猜,24
生产,24
百善孝为,24
看得,24
硬性,24
磨练,24
穿越,24
窗,24
第二次,24
紧张,24
紧紧,24
约束,24
维修,24
老妈,24
考试,24
而活,24
臂膀,24
自知,24
舍不得,24
节俭,24
花园,24
蓝,24
血,24
謝謝,24
诉说,24
词,24
诗歌,24
请贴,24
谈谈,24
象,24
赶紧,24
趣味,24
足迹,24
身材苗条,24
转行,24
软,24
这件,24
这段,24
遭遇,24
门,24
闯荡,24
阴影,24
非常感谢,24
韶华,24
首选,24
骑车,24
120,23
6000,23
MBA,23
ta,23
一年四季,23
一根,23
一概,23
一站,23
一间,23
三点一线,23
两只,23
两天,23
严肃,23
中山,23
之人,23
之余,23
五千,23
仅此而已,23
付费,23
令,23
伊人,23
保健,23
信赖,23
停下来,23
停靠,23
偶遇,23
傻子,23
党员,23
养家糊口,23
再发,23
初恋,23
初来乍到,23
升起,23
半点,23
单身生活,23
口,23
啊啊啊,23
啤酒,23
坎坎坷坷,23
坦坦荡荡,23
天津人,23
太好,23
太极拳,23
套,23
如有,23
婚姻状况,23
字数,23
宅女,23
安放,23
定义,23
家务活,23
寻一人,23
少量,23
就够,23
常态,23
开店,23
开心果,23
待遇,23
很久很久,23
心好,23
恰到好处,23
惦记,23
愁,23
打扫卫生,23
找人,23
抢,23
挽留,23
握,23
放假,23
政府部门,23
数学,23
整天,23
无处,23
无诚意,23
时期,23
明镜,23
曾经沧海,23
朝朝暮暮,23
格言,23
正派,23
残疾,23
沪,23
泪水,23
洗衣服,23
淡淡的,23
溜达,23
火花,23
热心肠,23
照应,23
爱惜,23
爽快,23
独宠,23
独来独往,23
电子,23
男友,23
痕迹,23
百态,23
直至,23
离别,23
私人,23
秋天,23
科研,23
等候,23
緣,23
经典,23
老大不小,23
老板,23
胖胖的,23
自立自强,23
至上,23
良缘,23
芸芸众生,23
英国,23
藏族,23
讲理,23
证,23
语,23
贤内助,23
起点,23
跳跳,23
软弱,23
近照,23
进取心,23
进退,23
退休职工,23
附,23
院校,23
随风,23
静待,23
面,23
飞逝,23
香,23
高点,23
高级教师,23
齐全,23
130,22
177,22
of,22
一是,22
一首歌,22
万事兴,22
万州,22
下象棋,22
不懂事,22
与世无争,22
专情,22
中层,22
中性,22
中是,22
为啥,22
主管,22
主题,22
事实,22
交际圈,22
人共渡,22
任教,22
休,22
休息时间,22
会计师,22
何为,22
余年,22
俗人,22
保养,22
信佛,22
偏胖,22
内蒙,22
初见,22
别发,22
半路,22
半身,22
单调,22
历尽,22
厌恶,22
去留,22
可怜,22
同心同德,22
名利,22
咯,22
哭泣,22
因素,22
圈,22
埋怨,22
备胎,22
外人,22
大众,22
太帅,22
如宝,22
如水,22
婚恋,22
家族,22
寻有,22
對象,22
小区,22
小女,22
小狗,22
尚未,22
工作人员,22
巧克力,22
巫山,22
差异,22
带娃,22
平谷,22
年轻人,22
年龄段,22
开放,22
很漂亮,22
微,22
心在,22
心声,22
心细,22
性感,22
总监,22
悠悠,22
感覺,22
我們,22
我带,22
折磨,22
揽,22
敬,22
无尽,22
显示,22
景象,22
最最,22
最深,22
有情有义,22
有意思,22
有緣,22
有限公司,22
未來,22
杀,22
歌唱,22
步,22
油盐酱醋,22
浓,22
淑女,22
混,22
清澈,22
满心,22
潜水,22
烧,22
牵着手,22
独行,22
玩弄,22
相交,22
相携,22
相知相惜,22
童心,22
第一个,22
粘着,22
级,22
纸,22
线,22
线下,22
练字,22
网球,22
翻,22
而生,22
职员,22
自理,22
花香,22
苦难,22
表白,22
话语,22
该来,22
说谎,22
谈婚论嫁,22
谢谢你们,22
超,22
载,22
较忙,22
过不去,22
进有,22
逝去,22
遗忘,22
配偶,22
钟情,22
開朗,22
风土人情,22
风雪,22
高攀,22
高管,22
&#,21
39,21
155,21
185,21
41,21
one,21
一帆风顺,21
一盏灯,21
三十多年,21
上下班,21
不服输,21
不熟,21
不难,21
东山再起,21
之旅,21
乐天派,21
二个,21
五十,21
人情,21
什麼,21
候鸟,21
借口,21
倾诉,21
入怀,21
公里,21
其他人,21
养成,21
养殖,21
兼修,21
农村户口,21
出口,21
删,21
到达,21
动作,21
勇往直前,21
北海,21
区域,21
十岁,21
南通,21
双鱼座,21
反对,21
发光,21
叶子,21
吃亏,21
吃醋,21
合伙人,21
吉林,21
名校,21
咨询,21
商业,21
商有量,21
喝咖啡,21
国学,21
坚实,21
处女座,21
外孙,21
夜场,21
夜里,21
夫,21
好久,21
好吃懒做,21
好听,21
好奇心,21
孝,21
守望,21
家庭教育,21
对家,21
小伙,21
小伙伴,21
小康,21
就读,21
年青,21
废话,21
庭前,21
开明,21
归属感,21
彼岸,21
很正,21
心事,21
心去,21
忍耐,21
忙忙碌碌,21
患者,21
悲凉,21
慢跑,21
我立,21
手艺,21
找個,21
拜金,21
挂,21
断,21
日月,21
暮,21
曲折,21
朝夕,21
期货,21
植物,21
每一件,21
毫无保留,21
永,21
求学,21
江津,21
沧海,21
泪,21
清淡,21
温,21
游遍,21
炒,21
爷们,21
爸,21
犹如,21
生性,21
生活照,21
用情,21
田园,21
登记,21
目地,21
相差,21
相處,21
看剧,21
真意,21
着手,21
瞎聊,21
矮,21
社交圈子,21
神圣,21
秀外慧中,21
童年,21
策划,21
算不上,21
素颜,21
纠缠,21
约定,21
练练,21
组织,21
细微,21
美妙,21
职称,21
肯,21
脏话,21
自拍,21
自考,21
自行车,21
般配,21
花朵,21
莫名,21
补充,21
见过,21
角色,21
言行,21
设备,21
请留下,21
调理,21
谢谢您,21
违心,21
這,21
酒店,21
长寿,21
陪伴着,21
随心所欲,21
非誠勿擾,21
面子,21
顺便,21
骂,21
高中毕业,21
高尚,21
鹅黄,21
160cm,20
it,20
m,20
­,20
一叶,20
一味,20
一塌糊涂,20
一天天,20
一棵,20
一趟,20
一部分,20
七分,20
上升期,20
上市,20
上线,20
不乱,20
不太爱,20
不长,20
为难,20
之大,20
之美,20
二是,20
互尊,20
亦可,20
从没,20
仿佛,20
传媒,20
伴儿,20
低质量,20
佘生,20
佛说,20
你们好,20
信奉,20
健,20
六岁,20
共勉,20
冒险,20
分辨,20
创作,20
刷,20
动如脱兔,20
动心,20
助人为乐,20
劫,20
十全十美,20
千年,20
占,20
占有欲,20
卻,20
厌倦,20
发了,20
变故,20
可不,20
同龄,20
品行好,20
唯愿,20
善意,20
坏脾气,20
垂钓,20
境遇,20
够花,20
奇妙,20
奶奶,20
好伴侣,20
好多年,20
好玩,20
如花,20
安装,20
实际行动,20
家庭主妇,20
宽阔,20
对人对事,20
尘世,20
岀,20
工,20
带动,20
平凡人,20
开口,20
征服,20
志趣,20
忧愁,20
怀念,20
惜缘,20
想来,20
惹,20
慷慨,20
戴,20
找伴,20
招呼,20
拿得起,20
掖,20
搭,20
既有,20
早晨,20
早睡早起,20
有话直说,20
有说有笑,20
未能,20
来源,20
极致,20
枉,20
枯燥,20
段时间,20
沙滩,20
洁身自好,20
活好,20
浅,20
海王,20
淋雨,20
湖南人,20
溫柔,20
满怀,20
炒菜,20
点点,20
烂,20
热烈,20
焦虑,20
熬夜,20
爱好文学,20
爱网,20
牌,20
獨立,20
生理,20
疼惜,20
看上,20
短发,20
石头,20
秋水,20
秦皇岛,20
粗茶淡饭,20
红,20
耳,20
育有,20
能拉着,20
自幼,20
臭美,20
良知,20
蓝天,20
蛋糕,20
要说,20
详细,20
财产,20
贤良,20
起码,20
过度,20
迟,20
追随,20
那個,20
铁,20
长春,20
静下来,20
领悟,20
高校教师,20
高调,20
0,19
1.7,19
165cm,19
183,19
br,19
∩,19
一不小心,19
一房,19
一群,19
一花,19
一靠,19
万元,19
三十年,19
三心二意,19
三甲,19
下午,19
下厨房,19
个头,19
为人处世,19
义务,19
之下,19
互动,19
互帮互助,19
互相爱护,19
五十岁,19
交费,19
人儿,19
人长,19
以家,19
以沫,19
休假,19
伤人,19
伤痕,19
伤透,19
佛山,19
供,19
倔,19
偏瘦,19
做梦,19
偶,19
其乐融融,19
养老保险,19
凡人,19
分析,19
别找我,19
功能,19
包涵,19
千帆,19
半个,19
半百,19
南宁,19
去向,19
受不了,19
各位朋友,19
同居,19
品性,19
品牌,19
唯,19
团队,19
在校,19
地平线,19
场,19
多帅,19
多谢,19
够用,19
大学老师,19
天津市,19
天黑,19
太快,19
奶茶,19
好坏,19
妖,19
学过,19
安分守己,19
容忍,19
寒冷,19
小姑娘,19
小店,19
尝尽,19
居,19
展示,19
工科,19
已逝,19
常住,19
平米,19
开头,19
引领,19
归零,19
彩礼,19
很多很多,19
徘徊,19
心生,19
心静,19
快快,19
性别,19
总体,19
恋情,19
惆怅,19
想谈,19
感情生活,19
憔悴,19
我人,19
我养,19
所爱,19
手中,19
打人,19
抚养权,19
抚平,19
报大,19
抹,19
拿手,19
挣扎,19
放过,19
斯人,19
无言,19
无锡,19
日久生情,19
早晚,19
春节,19
有份,19
有心人,19
有用,19
栖息,19
歧视,19
歲,19
气氛,19
江南,19
泡,19
流星,19
深知,19
清茶,19
清贫,19
满身,19
澳洲,19
爱屋及乌,19
爱着,19
爱错,19
物质基础,19
特此,19
狼,19
王子,19
申明,19
申请,19
男土,19
男孩儿,19
男神,19
痴情,19
知心人,19
确认,19
种菜,19
积极进取,19
稀罕,19
第一段,19
答应,19
简约,19
索取,19
結婚,19
緣份,19
红酒,19
网友,19
美貌,19
而定,19
能入,19
脑子,19
腿,19
自学,19
英语老师,19
草原,19
荣耀,19
襄阳,19
西宁,19
认准,19
讲究卫生,19
诗书,19
诗意,19
话少,19
说实话,19
豪宅,19
贸易,19
赢得,19
起起落落,19
越过,19
跌倒,19
路程,19
轨迹,19
远行,19
追求幸福,19
通透,19
那天,19
钢铁,19
长时间,19
闯,19
闷,19
陪陪,19
难为,19
难免,19
靠山,19
顾,19
风度,19
飘忽,19
饭后,19
高学历,19
魔,19
鸡毛,19
161,18
174,18
1971,18
Mr,18
i,18
life,18
ok,18
♥,18
一丈,18
一串,18
一刻,18
一扇,18
一段话,18
一辈,18
七岁,18
三高,18
不以,18
不需,18
两家,18
乡镇,18
二代,18
二次,18
互相学习,18
交代,18
优良,18
伤口,18
作品,18
作风,18
作风正派,18
倾城,18
做主,18
做伴,18
停止,18
写信给,18
写大,18
写错,18
冷暖自知,18
几句,18
出户,18
出游,18
出現,18
创伤,18
初衷,18
剧本,18
力,18
升华,18
厚德载物,18
友谊,18
只好,18
吃吃喝喝,18
吃喝玩乐,18
同心,18
同舟共济,18
君同,18
吵闹,18
呼吸,18
嗜,18
四十,18
在央企,18
在我看来,18
在手,18
在生活上,18
城府,18
声乐,18
多余,18
多姿多彩,18
多想,18
大四,18
天性,18
天赋,18
好处,18
安于现状,18
宠成,18
家常,18
寄托,18
寻缘,18
导师,18
小伙子,18
小儿子,18
尝,18
尽全力,18
山里,18
年入,18
开个,18
弥补,18
很宅,18
很重,18
心有灵犀一点通,18
心累,18
忠实,18
恒心,18
情愿,18
情深,18
情爱,18
感慨,18
慌,18
成个,18
我累,18
我过,18
执念,18
执手,18
提前退休,18
放进,18
敏捷,18
料理,18
斯文,18
旁,18
无价,18
无愧于心,18
无理取闹,18
无用,18
无论怎样,18
无须,18
日后,18
是非,18
晚餐,18
最舒服,18
期许,18
来世,18
槟榔,18
歌曲,18
正规,18
水流,18
油盐,18
泉州,18
法,18
浮华,18
温润,18
游览,18
源于,18
漂,18
烟酒不沾,18
烧饭,18
爱情故事,18
爷爷奶奶,18
独立性,18
琴瑟,18
甚,18
用力,18
留恋,18
白手起家,18
相视,18
石油,18
确,18
碰撞,18
磨砺,18
程序员,18
稳定下来,18
空余,18
笑话,18
第三,18
管理人员,18
籍,18
类似,18
粘,18
精通,18
繁忙,18
结婚证,18
结缘,18
绝望,18
统一,18
绵阳,18
网络平台,18
翻译,18
老鼠,18
耐得,18
肩,18
能动,18
能静,18
自强不息,18
自营,18
自认,18
舞台,18
草,18
菏泽,18
著,18
蒙,18
藏不住,18
衡量,18
视如己出,18
解读,18
誰,18
认清,18
讲话,18
试一试,18
说不出,18
读万卷书,18
谓,18
谢,18
资格,18
资源,18
赣州,18
走近,18
身影,18
轻,18
过成,18
适中,18
透明,18
這裡,18
遛狗,18
那才,18
那颗,18
重心,18
量,18
金牛座,18
锁,18
阳光灿烂,18
阳光男孩,18
降临,18
青海,18
静心,18
非要,18
面对现实,18
高等教育,18
黑龙江省,18
1973,17
1990,17
am,17
not,17
s,17
一尺,17
一车,17
一部,17
下过,17
不丑,17
不为,17
不忙,17
不急,17
不足以,17
不远处,17
不顾,17
东营,17
个人信息,17
之欢,17
交换,17
交谈,17
亲生,17
人爱,17
人生在世,17
人生道路,17
代步,17
传承,17
何时何地,17
何种,17
使然,17
兼有,17
再要,17
农业,17
冰,17
刀子嘴,17
分公司,17
分寸,17
分居,17
分配,17
创业者,17
初次,17
別人,17
利益,17
势均力敌,17
勤俭,17
医务,17
历程,17
原地,17
反省,17
发表,17
受委屈,17
后期,17
唔,17
嘉兴,17
嘘寒问暖,17
嘻嘻哈哈,17
四川人,17
回音,17
因有,17
地地道道,17
地过,17
基层,17
备考,17
外省,17
多多指教,17
奇怪,17
女人味,17
好些,17
如愿,17
如戏,17
孝順,17
安详,17
宗旨,17
实属,17
实际上,17
客,17
寒暑假,17
对外,17
尋找,17
小学老师,17
尚,17
层面,17
展现,17
属性,17
岗,17
崩溃,17
带你去,17
干脆,17
延续,17
建材,17
开了个,17
张,17
形,17
形式,17
心灵美,17
心跳,17
忠心,17
怎能,17
急躁,17
恐惧,17
情话,17
意志,17
愿遇,17
懒得,17
成立,17
我以,17
戒烟,17
手牵着,17
执,17
批发,17
拖泥带水,17
择,17
挡,17
捂,17
换取,17
收费,17
改正,17
放得,17
新年,17
无三高,17
日语,17
旳,17
更新,17
有品,17
有始有终,17
朗诵,17
本心,17
机遇,17
权利,17
来临,17
来往,17
来得,17
某人,17
森林,17
欧洲,17
永远都是,17
沉着,17
沧海桑田,17
流失,17
海口,17
海里,17
深沉,17
清新,17
清晰,17
渴求,17
火热,17
烟花,17
煎熬,17
爱我所爱,17
爸爸妈妈,17
猜忌,17
环游世界,17
球类运动,17
琴棋书画,17
甘心,17
生活费,17
男型,17
留个,17
留意,17
直播间,17
相貌端正,17
省,17
看个,17
磁场,17
秋风,17
种植,17
种草,17
稳,17
穷人,17
窈窕淑女,17
窗外,17
第二个,17
糖,17
级别,17
终会,17
缺失,17
缺席,17
美业,17
美满幸福,17
翅膀,17
耳朵,17
职场,17
能为,17
能说会道,17
脚下,17
自愿,17
节日,17
芜湖,17
若有情,17
菩提,17
营养,17
落魄,17
虚,17
行万里路,17
要钱,17
设计院,17
诚寻,17
诚挚,17
说出,17
请原谅,17
豆腐心,17
象棋,17
走累,17
车祸,17
转业,17
过日,17
运城,17
这么久,17
远嫁,17
逆境,17
通州,17
遛,17
還是,17
那段,17
郊区,17
针灸,17
隐藏,17
障碍,17
难受,17
难求,17
难看,17
靓丽,17
顾及,17
领,17
风情,17
风霜,17
170cm,16
1980,16
1981,16
2000,16
2010,16
KTV,16
Right,16
°,16
–,16
一大,16
一小,16
一曲,16
一棵树,16
一缕,16
一輩子,16
上大,16
不信,16
不动,16
不卑不亢,16
不美,16
不语,16
不辞而别,16
与众不同,16
两地分居,16
义无反顾,16
乍见,16
乏味,16
九江,16
乾坤,16
二级,16
云南省,16
互信,16
产业,16
人太,16
今世,16
伸手,16
保定,16
倾心,16
催促,16
充满活力,16
八岁,16
关照,16
养身,16
写下,16
划走,16
前段,16
剧,16
加分,16
努力创造,16
化作,16
十里,16
千万别,16
原则性,16
原籍,16
双亲,16
反思,16
取悦,16
古典,16
叶,16
叹,16
叹息,16
听到,16
哒,16
哪有什么,16
商品房,16
商铺,16
喷,16
嘴巴,16
回味,16
回顾,16
因病,16
圆滑,16
土地,16
在我心中,16
坏人,16
外柔内刚,16
多种,16
多远,16
天命,16
太忙,16
太瘦,16
好孩子,16
妻,16
媒体,16
实,16
客观,16
宿舍,16
小于,16
小男孩,16
尽我所能,16
居住地,16
屏蔽,16
已到,16
干涉,16
平稳,16
年过半百,16
年迈,16
并不多,16
幽梦,16
当宝,16
影视,16
心上,16
志同道合者,16
念念不忘,16
怀揣,16
思想单纯,16
总在,16
恢复,16
悠然,16
憨厚老实,16
打打球,16
打败,16
抚养费,16
护理,16
拖累,16
拿到,16
指引,16
掏心,16
搜集,16
放不下,16
故人,16
敬业,16
文凭,16
无力,16
无数个,16
日久见人心,16
早年,16
晚安,16
晚饭,16
最低,16
最难,16
有福同享,16
有道,16
有钱人,16
朝气,16
权衡利弊,16
条,16
松开,16
模糊,16
止,16
毅力,16
比不上,16
民宿,16
水果,16
永川,16
没空,16
洁净,16
浮夸,16
消极,16
清秀,16
湛江,16
点赞,16
熬过,16
爱恋,16
父爱,16
独住,16
独生,16
独立思考,16
率,16
玖,16
生涯,16
用尽,16
疾苦,16
痨,16
白富,16
白皙,16
白羊座,16
皆宜,16
益阳,16
盲目,16
相偎,16
相融,16
看不上,16
看不起,16
看尽,16
看山,16
看遍,16
真理,16
瞎,16
知疼知热,16
短期,16
石家庄,16
科学,16
笑声,16
繫,16
终归,16
绕开,16
老伴儿,16
老头,16
肺,16
自建房,16
自给自足,16
船,16
落叶,16
行列,16
衡水,16
装傻,16
西城,16
视野,16
解,16
证件,16
说不定,16
说到做到,16
说好,16
调,16
起步,16
轻言,16
较真,16
运动型,16
远去,16
迟来,16
退出,16
通,16
酸,16
醒,16
重生,16
镇上,16
长路,16
附上,16
雪花,16
青丝,16
静下心来,16
非常简单,16
鞋子,16
领略,16
风尘,16
马拉松,16
1.6,15
125,15
171,15
1986,15
2012,15
2013,15
7000,15
VIP,15
app,15
good,15
˙,15
♀,15
一抹,15
一支,15
一樣,15
一段路,15
一碗,15
一首,15
万家灯火,15
万年,15
不分,15
不安,15
不老,15
不诚,15
丢下,15
中年人,15
主义者,15
主播,15
九年,15
二十,15
二胡,15
亏待,15
云烟,15
五百,15
交到,15
交钱,15
京房,15
亲戚,15
体态,15
作伴,15
依恋,15
依托,15
修为,15
修身养性,15
假日,15
偏见,15
停,15
充,15
光芒,15
克服,15
內,15
兩個,15
八卦,15
内地,15
再续,15
再聊,15
再苦,15
写写,15
农村妇女,15
凑,15
几分,15
出自,15
分钟,15
前途,15
办公,15
加拿大,15
助人,15
努力争取,15
包含,15
北漂,15
区别,15
半程,15
历经沧桑,15
去逝,15
友友,15
双全,15
双子座,15
可观,15
吃喝嫖赌,15
吃火锅,15
吃饱,15
后顾之忧,15
君语,15
听闻,15
呼市,15
哦哦哦,15
唐山,15
善念,15
喝大酒,15
喧闹,15
嗜酒,15
国有,15
坑,15
块,15
基本一致,15
夜深人静,15
大半,15
大树,15
大爱,15
大陸,15
天秤,15
奉还,15
奢华,15
女伴,15
姐弟恋,15
娇小,15
娱乐场所,15
嫁人,15
孙女,15
孤僻,15
宜昌,15
宝藏,15
实诚,15
宠辱不惊,15
宣言,15
室内设计,15
家伙,15
密室,15
密码,15
對方,15
小巧玲珑,15
小猫,15
小鸟,15
山间,15
工业,15
已上,15
市内,15
市里,15
干嘛,15
干活,15
平平常常,15
并进,15
幼师,15
店里,15
开发区,15
开阔,15
弄错,15
弯,15
心里话,15
忍不住,15
忠贞不渝,15
快樂,15
忽扰,15
怀化,15
怀里,15
总部,15
悲欢离合,15
情意,15
情有独钟,15
想不到,15
愿尽,15
懵懂,15
我共渡,15
我出,15
我己,15
戒,15
所愿,15
才艺,15
扶养,15
承包,15
承担责任,15
抑郁,15
拆迁,15
拘束,15
持续,15
指望,15
挡不住,15
探讨,15
接收,15
提出,15
放飞,15
敬畏,15
文雅,15
新区,15
无声,15
无拘无束,15
日常生活,15
旧,15
时有,15
明朗,15
晨跑,15
普通工人,15
暮年,15
更会,15
月光,15
有五险,15
有空时,15
有責,15
有难同当,15
未有,15
本本分分,15
果实,15
柔,15
欣慰,15
残缺,15
江门,15
沙雕,15
没充,15
河,15
河南省,15
治疗,15
洛阳,15
流淌,15
消耗,15
深夜,15
渝,15
火,15
灵活,15
点亮,15
烟雨,15
無,15
爱哭,15
爱妻,15
爱要,15
爱请,15
爷爷,15
牺牲,15
玩儿,15
痛过,15
百味,15
百度,15
百般,15
皮气,15
相忘,15
看人,15
真相,15
真真切切,15
睡懒觉,15
矜持,15
社恐,15
祈祷,15
秀山,15
稳稳,15
穿过,15
緣分,15
绅士风度,15
终其一生,15
终成眷属,15
终身大事,15
结实,15
绕过,15
老爸,15
考研,15
耍心眼,15
肤白,15
能手,15
腰,15
自食其力,15
至死不渝,15
花园里,15
虚幻,15
街上,15
衷心,15
观众,15
觉,15
识,15
语音,15
说话算话,15
请发,15
诸多,15
调节,15
谢谢合作,15
谦卑,15
贤慧,15
质朴,15
走上,15
走心,15
起床,15
超越,15
转角,15
轻轻地,15
辖区,15
辛福,15
达州,15
过才,15
过眼云烟,15
迎合,15
近两年,15
这方面,15
避风,15
野心,15
金,15
金山,15
钓钓鱼,15
隔,15
静如处子,15
面临,15
面朝,15
面相,15
韶关,15
须,15
风里,15
驾车,15
骑马,15
高雅,15
黄金,15
鼓起勇气,15
＾,15
1.68,14
1.73,14
164,14
166,14
168cm,14
181,14
here,14
so,14
v,14
with,14
′,14
↗,14
一城,14
一有,14
一株,14
一桌,14
一点一点,14
一男一女,14
一辆车,14
万水千山,14
上苍,14
不像,14
不养,14
不分彼此,14
不必要,14
不感兴趣,14
不由,14
不躁,14
不逛,14
不麻,14
与时俱进,14
专利,14
世,14
业余生活,14
个体户,14
个体经营,14
主,14
主持,14
久违,14
义乌,14
乒乓,14
乖乖女,14
二十岁,14
人少,14
人待,14
人情冷暖,14
人海,14
人生目标,14
仔细阅读,14
仗,14
仙逝,14
代理,14
企事业,14
众多,14
优势,14
但愿人长久,14
何求,14
俗话说,14
修饰,14
個性,14
倦,14
值,14
全力以赴,14
全民,14
公职人员,14
共进退,14
关上,14
养猫,14
兼顾,14
内秀,14
冬,14
凄凉,14
刚强,14
刚来,14
别墅,14
别问,14
到位,14
动机,14
勿施于人,14
十指,14
单薄,14
南充,14
卧室,14
厉害,14
原始,14
原油,14
发觉,14
口味,14
句,14
可望,14
右,14
各项,14
和好相处,14
唠叨,14
回不去,14
国有企业,14
圈子里,14
在编人员,14
地道,14
填,14
增添,14
壹,14
外加,14
外界,14
多多关照,14
多才多艺,14
多重,14
夜生活,14
大地,14
大城市,14
大山,14
大江南北,14
太太,14
失误,14
失败者,14
奋进,14
女士们,14
姓,14
婚前,14
婵娟,14
嫁妆,14
嫂,14
孝道,14
学着,14
学问,14
安庆,14
实话实说,14
室内,14
家务事,14
容,14
尽情,14
层次,14
山海,14
己所不欲,14
已购,14
带回家,14
带领,14
年初,14
年岁,14
店铺,14
开支,14
开花,14
强壮,14
强者,14
当过,14
形体,14
很久,14
從,14
心怡,14
心能,14
心脏,14
忘却,14
忧郁,14
怎敢,14
总经理,14
恕,14
恩赐,14
惯,14
懦弱,14
成双成对,14
成员,14
成就感,14
我住,14
我刚,14
我发,14
我弃,14
我现,14
或者说,14
打电话,14
打磨,14
扬州,14
扯,14
抓紧,14
拍摄,14
招惹,14
持久,14
挂念,14
指标,14
掏肺,14
握住,14
搭理,14
支配,14
政治,14
数据,14
新鲜感,14
无涯,14
无知,14
时光荏苒,14
时时刻刻,14
明明白白,14
晚熟,14
最怕,14
最远,14
有加,14
有句,14
机械设计,14
村,14
束缚,14
极少,14
样样,14
楼,14
欢,14
每一秒,14
沉闷,14
沐浴,14
没太多,14
没开,14
洒,14
流行,14
浪迹天涯,14
湖北省,14
滋润,14
潮汕,14
灯,14
灯红酒绿,14
煤矿,14
煲汤,14
爽朗,14
玩牌,14
现任,14
现就职,14
理解万岁,14
生意人,14
生生世世,14
电,14
留不住,14
略有,14
病故,14
白云,14
皱纹,14
看一看,14
真快,14
真真,14
知名,14
石景山,14
硬件,14
神经,14
秀丽,14
种种原因,14
移民,14
稳健,14
立业,14
立场,14
组合,14
细致,14
维系,14
绿色,14
缘浅,14
缺爱,14
缺陷,14
网找,14
美德,14
美美,14
耽搁,14
胆小,14
背影,14
自律性,14
自渡,14
节约,14
芬芳,14
荣幸,14
落下,14
落日,14
蔬菜,14
虔诚,14
虚度,14
视为,14
解脱,14
认,14
读过,14
谎话,14
谦逊,14
贪心,14
购置,14
费劲,14
走散,14
走走停停,14
越来越少,14
跋涉,14
路口,14
踏上,14
踏遍,14
踢足球,14
踩,14
蹒跚,14
过夜,14
过节,14
运输,14
这人,14
迟暮,14
适龄,14
道歉,14
钱包,14
锦州,14
長,14
长情,14
长治,14
长短,14
闲谈,14
闷骚,14
随风而去,14
雨里,14
靠岸,14
面食,14
预感,14
飘,14
高于,14
高级职称,14
魁梧,14
￣,14
..........,13
172cm,13
180cm,13
1977,13
1978,13
1985,13
1996,13
75kg,13
B,13
P,13
w,13
will,13
•,13
☆,13
一个个,13
一代,13
一口,13
一周,13
一扇门,13
一束,13
一齐,13
万人,13
上上网,13
下半身,13
不作,13
不图,13
不堪回首,13
不嫉妒,13
不屑,13
不惊,13
不正,13
不理,13
不许,13
不进,13
不骄不躁,13
两件事,13
两边,13
临沂,13
为妻,13
为本,13
主义,13
乌鲁木齐,13
九岁,13
争,13
亊,13
亏,13
五百年,13
交融,13
享,13
亮,13
亲戚朋友,13
亲朋好友,13
人久,13
人多,13
人想,13
人生大事,13
从头再来,13
从头开始,13
付,13
众生,13
会想,13
佛教,13
你中有我,13
你敬,13
借用,13
假话,13
做不了,13
停下,13
先看,13
全身,13
全靠,13
公寓,13
公立,13
共赏,13
养育,13
内在美,13
军人家庭,13
农民工,13
凑够,13
出色,13
出行,13
刚上,13
利索,13
刷刷,13
刻意追求,13
剪,13
劝,13
务必,13
努力学习,13
励志,13
化妆品,13
区人,13
千万年,13
千多,13
千言万语,13
南方人,13
原生态,13
参军,13
参考,13
古城,13
另有,13
同伴,13
同住,13
同步,13
同道,13
吵吵闹闹,13
味,13
咱俩,13
啃,13
啥事,13
啰嗦,13
喊,13
嘈杂,13
嘴硬,13
困于,13
国画,13
坏习惯,13
垫江,13
基金,13
夏日,13
多人,13
夜夜,13
大人,13
大脑,13
大街,13
大陆,13
太早,13
太短,13
夫唱妇随,13
奢侈品,13
好事,13
如约,13
姐,13
娴静,13
婚托,13
婚配,13
孑然一身,13
孤独感,13
安度,13
宝贵时间,13
客家,13
客户,13
家庭成员,13
富婆,13
封闭,13
小镇,13
就象,13
岁月如梭,13
差点,13
干什么,13
年令,13
年少时,13
幸福美好,13
广东省,13
广阔,13
床上,13
廉价,13
张家口,13
当回事,13
很深,13
很穷,13
心性,13
心灵手巧,13
必有,13
快来,13
思,13
怠慢,13
总得,13
恬淡,13
悄然,13
悟,13
情出,13
愛的,13
感同身受,13
愿和你,13
慌张,13
憧憬未来,13
我中有你,13
我生,13
我知,13
户口本,13
所在地,13
投诉,13
拿出,13
推移,13
摄影师,13
撑伞,13
撒,13
放纵,13
政策,13
效果,13
教授,13
数,13
敲门,13
文明,13
方可,13
方得,13
施工,13
无贷,13
早起,13
时机成熟,13
时能,13
昵称,13
晚期,13
暖阳,13
更正,13
最想,13
月生,13
有位,13
有分寸,13
有灯,13
朝夕相处,13
本想,13
机械,13
机缘,13
枉然,13
桌球,13
桥,13
梦中,13
棒,13
歌词,13
止步,13
此能,13
步伐,13
死心塌地,13
残忍,13
残疾人,13
每件事,13
求同存异,13
江苏省,13
沙,13
沙发,13
河流,13
洗,13
活法,13
流离,13
浓浓的,13
浮生,13
海归,13
涪陵,13
淑德,13
添加,13
清,13
清远,13
温良,13
温饱,13
渺茫,13
满天,13
漫画,13
潮汕人,13
潮起潮落,13
火锅,13
灵魂深处,13
炊烟,13
燕郊,13
爱护你,13
爱来,13
爱闹,13
物流,13
特此说明,13
猫咪,13
现想,13
現在,13
理疗,13
甘愿,13
生小孩,13
症,13
痴迷,13
白发苍苍,13
相宜,13
相辅相成,13
真实有效,13
真成,13
砖,13
破,13
碎,13
碰上,13
福州,13
离弃,13
穩定,13
穿衣,13
端,13
笑对人生,13
笑笑,13
笑脸,13
符合要求,13
算不算,13
繁花似锦,13
结伴同行,13
缘由,13
网能,13
美味,13
美好幸福,13
考虑一下,13
而今,13
职务,13
聯,13
背,13
胖瘦,13
胡思乱想,13
脱离,13
脸蛋,13
自私自利,13
自行,13
自负,13
花前月下,13
荆州,13
荆棘,13
融化,13
表里如一,13
观察,13
触碰,13
认命,13
记性,13
诚找,13
话剧,13
语言表达,13
误会,13
误解,13
说不完,13
贵港,13
赌钱,13
赤诚,13
赶上,13
起家,13
跳跳舞,13
踏青,13
身体素质,13
身在,13
身高体重,13
轻浮,13
辽宁省,13
过个,13
过错,13
迈出,13
迎,13
迎来,13
还清,13
这条,13
迟早会,13
迷路,13
退役军人,13
适度,13
透过,13
途中,13
那年,13
酒托,13
释放,13
重组,13
重要性,13
钻研,13
铁岭,13
长大成人,13
院子,13
隨緣,13
雨伞,13
雷厉风行,13
霜,13
青青,13
非成,13
面容,13
项目经理,13
顾虑,13
高知,13
鸡汤,13
鸳鸯,13
黄冈,13
6,12
10000,12
1982,12
1984,12
1987,12
1988,12
1991,12
200,12
2014,12
70kg,12
APP,12
E,12
Hi,12
Ta,12
V,12
are,12
hi,12
↖,12
▽,12
●,12
一两年,12
一人以,12
一副,12
一台,12
一月,12
一百个,12
一看,12
一顿,12
三月,12
下一代,12
下个,12
下午茶,12
下半年,12
不吵不闹,12
不富,12
不当,12
不會,12
不舍,12
不过如此,12
不顺,12
与子成,12
业,12
两颗,12
严于律己,12
中介,12
为先,12
主角,12
乱花钱,12
事与愿违,12
事先,12
事过,12
二十个,12
二字,12
云浮,12
云阳,12
互为,12
交友平台,12
交汇,12
交集,12
亲们,12
亲密关系,12
人事,12
人力资源,12
人物,12
人脸,12
以往,12
企业家,12
住校,12
体魄,12
何其,12
何物,12
使人,12
侧,12
信号,12
健壮,12
傻瓜,12
儿童,12
光阴似箭,12
入心,12
入赘,12
全能,12
八千,12
八零后,12
共筑,12
其實,12
兼备,12
内江,12
内科,12
写满,12
准确,12
凉风,12
减少,12
几十万,12
几率,12
刚刚开始,12
创办,12
别加,12
到手,12
办大,12
动能,12
勤奋好学,12
区有,12
十五,12
半句,12
华里,12
协商,12
单方面,12
博学,12
博物馆,12
压抑,12
友爱,12
双保,12
反复,12
口中,12
古怪,12
召唤,12
可人,12
可依,12
可期,12
各种各样,12
吉林省,12
吉祥,12
后会,12
君临天下,12
听从,12
告知,12
哀伤,12
品茗,12
唠,12
唧唧,12
唯美,12
嘞,12
嘴上,12
回想,12
围城,12
图书馆,12
图片,12
地上,12
地去,12
坎,12
坦诚相见,12
填满,12
声,12
复制,12
外刚内柔,12
外边,12
多变,12
大理,12
天伦之乐,12
天荒地老,12
太深,12
奋不顾身,12
好不容易,12
好孤单,12
好强,12
好日子,12
娄底,12
娇生惯养,12
宁缺,12
守得,12
定位,12
实习,12
实心实意,12
宠着,12
家财万贯,12
家风,12
寂静,12
寒,12
对事,12
小型,12
小车,12
小院,12
少有,12
岳阳,12
岸,12
师傅,12
干扰,12
干过,12
年老,12
年长,12
幼教,12
庆幸,12
座,12
康健,12
康复,12
强迫症,12
待业,12
得以,12
得意,12
志,12
志愿者,12
快递,12
快餐,12
怀柔,12
怦然心动,12
总能,12
恶,12
悄悄,12
惺惺相惜,12
愛我,12
慎重考虑,12
慰,12
應該,12
成人,12
成功人士,12
我妈,12
我敬,12
所遇,12
手术,12
打个招呼,12
打扰到,12
打搅,12
打破,12
打网球,12
找我聊,12
找能,12
承载,12
抚,12
抚慰,12
抱抱,12
择一,12
挑起,12
挣点,12
掏,12
掩饰,12
摆脱,12
擦,12
擦肩,12
攀缘,12
收益,12
放荡不羁,12
教育工作者,12
散发,12
数年,12
整齐,12
新房,12
旋律,12
无味,12
无条件,12
无牵无挂,12
无谓,12
既许,12
早就,12
星光,12
晩,12
普通话,12
智者,12
月底,12
有孩,12
有条理,12
有點,12
望能,12
朝三暮四,12
木讷,12
朴实无华,12
来佳缘,12
枫叶,12
柳州,12
桥梁,12
棱角,12
椒江,12
概率,12
欠债,12
欧美,12
正面,12
毕生,12
永存,12
沉寂,12
沉迷,12
沙漠,12
河北人,12
河北省,12
油嘴滑舌,12
油画,12
泡茶,12
波澜,12
波澜不惊,12
泥土,12
活出,12
浪,12
海誓山盟,12
消磨,12
淄博,12
淮安,12
清洁,12
清闲,12
清零,12
渐行,12
渺小,12
滨海新区,12
潮州,12
灰暗,12
灰色,12
灵性,12
点缀,12
無法,12
爬起来,12
爱恨,12
爱恨分明,12
父,12
物以类聚,12
物喜,12
牵住,12
牵起,12
特质,12
犯,12
狂热,12
玩不起,12
环保,12
现己,12
珠宝,12
生来,12
电力,12
电梯,12
畅谈,12
白开水,12
白马王子,12
盐,12
直销,12
相敬相,12
相望,12
相机,12
相由,12
看开,12
真切,12
真命天子,12
真善美,12
眷恋,12
知天命,12
知情,12
碰见,12
磨平,12
社会关系,12
祝您,12
神,12
福大,12
福报,12
种地,12
突发,12
突破,12
笃定,12
算了,12
精,12
精心,12
细雨,12
缘定,12
缘缘,12
美丑,12
老板娘,12
老百姓,12
考证,12
聚散,12
能活,12
能谈,12
自动化,12
自在,12
自恋,12
自由职业者,12
色,12
节拍,12
节目,12
花花肠子,12
花落,12
苛求,12
若爱,12
英文,12
获,12
落花,12
董,12
衡阳,12
被宠,12
被盗,12
褪去,12
见解,12
警察,12
认真做事,12
讨论,12
设置,12
诈骗,12
诠释,12
读完,12
谈个,12
谈吐,12
谈心,12
谋爱,12
貌美,12
贤妻,12
贪,12
赴,12
起起伏伏,12
路途,12
踏,12
踢球,12
躺平,12
轻音乐,12
达成,12
过分,12
过敏,12
还长,12
远近,12
远远,12
连续,12
途径,12
通信,12
逛公园,12
遇人不淑,12
遇到困难,12
遍,12
遵义,12
重来,12
钻牛角尖,12
长像,12
问问,12
闹腾,12
阜阳,12
防城港,12
防备,12
阴霾,12
难寻,12
难忘,12
难熬,12
雖然,12
靠着,12
鞋,12
顶天立地,12
须要,12
风中,12
风险,12
飞扬,12
馆,12
驻足,12
骂人,12
骗钱,12
體貼,12
高三,12
高高兴兴,12
鸟儿,12
1.58,11
1.72,11
145,11
173cm,11
178cm,11
182,11
1965,11
1970,11
1983,11
1989,11
2003,11
2011,11
65kg,11
b,11
d,11
know,11
make,11
sun,11
that,11
who,11
一万,11
一体,11
一切都在,11
一块儿,11
一壶,11
一步步,11
一穷二白,11
一笑而过,11
一路上,11
一项,11
一點,11
三两,11
三毛,11
上海市,11
下岗,11
不切实际,11
不怕累,11
不怕苦,11
不悔,11
不懈,11
不改,11
不早不晚,11
不烦,11
不诚实,11
不贴,11
专,11
两把,11
中华,11
丰盈,11
丰盛,11
临时,11
为佳,11
主城区,11
举报,11
乐山,11
云淡风轻,11
交通,11
京剧,11
人以群分,11
人累,11
人若,11
人身,11
从业者,11
体,11
作家,11
信阳,11
倾,11
假装,11
偏执,11
偷偷,11
儿时,11
充电,11
入睡,11
八月,11
公开,11
公立学校,11
公职,11
共患难,11
共情,11
关,11
兵,11
兼具,11
写诗,11
农场,11
决不会,11
几道,11
别去,11
别怕,11
别离,11
别见,11
刷抖音,11
前路,11
剩余,11
办公室,11
动听,11
助力,11
勤勉,11
匆忙,11
医师,11
医疗器械,11
医药,11
十,11
十足,11
半天,11
卓越,11
南山,11
厂,11
县,11
发不出,11
发挥,11
叔叔,11
取舍,11
只爱,11
只谈,11
右手,11
吃个,11
同等,11
后天,11
向来,11
吝啬,11
周,11
周游世界,11
和蔼可亲,11
哪位,11
單身,11
喵,11
嗎,11
嘉定,11
四十岁,11
团结,11
困扰,11
国,11
坏心眼,11
基因,11
堂堂正正,11
外汇,11
外语,11
多长,11
大兴,11
大半生,11
大庆,11
大条,11
大院,11
太少,11
奔现,11
女主人,11
好心,11
始终保持,11
始终如一,11
姿态,11
婉约,11
婚姻大事,11
婚姻家庭,11
孤獨,11
学到,11
学士学位,11
宁夏,11
守旧,11
安安心心,11
宜宾,11
宝马,11
实体店,11
害,11
寄,11
寒冬,11
小康家庭,11
小提琴,11
尘缘,11
就读于,11
层,11
居多,11
展览,11
岁月蹉跎,11
巅峰,11
左手,11
己经,11
已久,11
已过期,11
常德,11
常驻,11
平均,11
平生,11
应付,11
应是,11
座右铭,11
庸俗,11
延安,11
建筑行业,11
开创,11
开着,11
开过,11
弱者,11
弹性,11
归于,11
往前,11
待人接物,11
德行,11
心似,11
心头,11
心平气和,11
心理健康,11
心碎,11
心诚,11
忍,11
志向,11
快手,11
忽悠,11
思量,11
恰当,11
患难与共,11
悲哀,11
悲喜,11
想得到,11
想见,11
懒懒,11
戏曲,11
我待,11
我愿用,11
我活,11
战友,11
户,11
扇,11
扑,11
打工仔,11
扫,11
扯淡,11
抓,11
折,11
抵不过,11
按摩,11
排,11
掩盖,11
插花,11
搭建,11
搭配,11
摆设,11
撑,11
放在心上,11
教训,11
整体,11
文案,11
旁边,11
无畏,11
早些,11
时时,11
时机,11
时要,11
昆山,11
明白人,11
明目张胆,11
是否是,11
更佳,11
最坏,11
最多,11
最小,11
最真,11
有娃,11
有滋有味,11
有点累,11
有着落,11
有辆,11
材料,11
来个,11
来拉住,11
来路,11
杨,11
松江,11
校园,11
株洲,11
梅州,11
棉袄,11
機會,11
欲求,11
武清,11
每日,11
比例,11
比心,11
比較,11
水电,11
汉服,11
汕头,11
汗水,11
沉浮,11
沉默寡言,11
没找,11
泸州,11
流年,11
浓妆艳抹,11
涉猎,11
淮南,11
清浅,11
渐远,11
温存,11
温热,11
游历,11
滑,11
滚,11
满是,11
滴酒,11
演绎,11
潜力股,11
灯火,11
灵,11
热忱,11
照相,11
照顧,11
燃烧,11
犒劳,11
狂,11
率直,11
珍愛網,11
理会,11
琴瑟和鸣,11
璀璨,11
生老病死,11
男仕,11
男士们,11
畏惧,11
留点,11
略带,11
略显,11
疼人,11
病人,11
白色,11
白茶,11
白酒,11
百倍,11
相互依赖,11
相識,11
真诚地,11
知我者,11
知识面,11
短信,11
硕士学位,11
祥和,11
私立学校,11
秉性,11
积极主动,11
程序,11
税后,11
穩重,11
笑颜,11
第一步,11
粤语,11
纯良,11
细胞,11
终究会,11
经济学,11
结为,11
统招,11
续,11
综艺,11
绿叶,11
缘去,11
缘故,11
翼,11
老二,11
考入,11
耐看,11
聽,11
肇庆,11
肋骨,11
脑,11
自尊心,11
自控,11
自贡,11
舔,11
花花世界,11
若无相,11
苦命,11
苹果,11
茂名,11
茶艺,11
草木,11
荒野,11
荣华,11
荣辱,11
菜市场,11
薄情,11
薪资,11
表情,11
裏,11
西,11
规矩,11
让步,11
许昌,11
诊所,11
试图,11
诚征,11
语文,11
说些,11
请问,11
调动,11
豪车,11
贫富,11
贵人,11
费用,11
越大,11
跟不上,11
身体健壮,11
身外之物,11
身邊,11
车程,11
转眼间,11
辛酸,11
过高,11
运转,11
近视,11
返聘,11
迷恋,11
追赶,11
通达,11
逝,11
逞强,11
郎君,11
醉酒,11
重拾,11
钥匙,11
钻石,11
铜仁,11
错爱,11
长不大,11
长跑,11
關心,11
闪离,11
阅尽,11
阜新,11
阴阳,11
随州,11
雕刻,11
雨天,11
霸气,11
青蛙,11
非城,11
鞍山,11
音乐会,11
願意,11
顺境,11
顺应,11
预知,11
额,11
风浪,11
风筝,11
食品,11
马虎,11
马路,11
马鞍山,11
驾驭,11
高一,11
高个子,11
高矮,11
高铁,11
高高的,11
魄力,11
鸡蛋,11
